Customer_ID,Customer_Name,Recency,Frequency,Monetary,R_Score,F_Score,M_Score,RFM_Score,RFM_Sum,Segment
CUST-00001,Allison Hill,88,4,64615.8,3,2,3,323,8,Potential Loyalists
CUST-00002,Noah Rhodes,39,19,348856.14,4,5,5,455,14,Champions
CUST-00003,Angie Henderson,70,5,45025.64,3,3,2,332,8,Needs Attention
CUST-00004,Daniel Wagner,648,1,13046.74,1,1,1,111,3,Lost Customers
CUST-00006,Connie Lawrence,155,5,43136.36,2,3,2,232,7,Needs Attention
CUST-00007,Abigail Shaffer,44,2,149170.21,4,1,4,414,9,New Customers
CUST-00008,Gina Moore,49,4,38761.11,3,2,2,322,7,Needs Attention
CUST-00009,Gabrielle Davis,36,7,62806.3,4,3,3,433,10,Loyal Customers
CUST-00010,Ryan Munoz,14,5,94242.23,5,3,3,533,11,Loyal Customers
CUST-00011,Monica Herrera,79,4,122922.16,3,2,4,324,9,Potential Loyalists
CUST-00012,Jamie Arnold,21,12,481137.3,4,4,5,445,13,Champions
CUST-00013,Lisa Hensley,25,2,19441.399999999998,4,1,1,411,6,New Customers
CUST-00014,Michele Williams,8,4,37749.68,5,2,2,522,9,New Customers
CUST-00015,Dylan Miller,17,6,43512.92,5,3,2,532,10,Needs Attention
CUST-00016,Brian Ramirez,66,4,13977.11,3,2,1,321,6,Needs Attention
CUST-00017,Holly Wood,113,10,149152.07,2,4,4,244,10,At Risk
CUST-00018,Derek Zuniga,97,12,296475.57,3,4,5,345,12,Loyal Customers
CUST-00019,Lisa Jackson,585,2,32058.71,1,1,2,112,4,Lost Customers
CUST-00020,Carla Gray,22,1,20474.5,4,1,2,412,7,New Customers
CUST-00021,Margaret Hawkins DDS,93,5,141527.0,3,3,4,334,10,Loyal Customers
CUST-00022,Patty Perez,432,1,903.52,1,1,1,111,3,Lost Customers
CUST-00023,Ethan Adams,97,5,22511.170000000002,3,3,2,332,8,Needs Attention
CUST-00024,Tommy Walter,25,38,407179.65,4,5,5,455,14,Champions
CUST-00025,Matthew Foster,169,4,29320.38,2,2,2,222,6,Lost Customers
CUST-00026,Judy Baker,7,5,131229.76,5,3,4,534,12,Loyal Customers
CUST-00027,Justin Baker,70,11,436615.17,3,4,5,345,12,Loyal Customers
CUST-00028,Stephanie Ross,86,2,22325.73,3,1,2,312,6,Needs Attention
CUST-00029,Zachary Hicks,116,3,21521.36,2,2,2,222,6,Lost Customers
CUST-00030,Anthony Rodriguez,2,37,828261.75,5,5,5,555,15,Champions
CUST-00031,Rebecca Henderson,133,1,5208.21,2,1,1,211,4,Lost Customers
CUST-00032,James Ferrell,26,34,841072.4500000001,4,5,5,455,14,Champions
CUST-00033,Tricia Valencia,7,24,603509.77,5,5,5,555,15,Champions
CUST-00034,Nathan Maldonado,268,3,43223.59,1,2,2,122,5,Lost Customers
CUST-00035,Debra Davidson,283,2,48404.5,1,1,2,112,4,Lost Customers
CUST-00036,Jeffrey Chavez,77,1,6644.74,3,1,1,311,5,Needs Attention
CUST-00038,Cassandra Gaines,167,3,56422.14,2,2,2,222,6,Lost Customers
CUST-00039,Elizabeth Fowler,55,8,85111.63,3,4,3,343,10,Loyal Customers
CUST-00040,Brittany Farmer,481,1,1170.01,1,1,1,111,3,Lost Customers
CUST-00041,Paula Moreno,89,1,2984.97,3,1,1,311,5,Needs Attention
CUST-00042,Fred Smith,57,14,212269.69999999998,3,5,4,354,12,Loyal Customers
CUST-00044,Anthony Humphrey,43,16,165984.59,4,5,4,454,13,Champions
CUST-00045,Angelica Tucker,276,4,84493.03000000001,1,2,3,123,6,Needs Attention
CUST-00046,Philip Cannon,135,1,2059.17,2,1,1,211,4,Lost Customers
CUST-00047,John Pierce,26,6,142341.73,4,3,4,434,11,Loyal Customers
CUST-00048,Shane Henderson,14,8,28648.18,5,4,2,542,11,Needs Attention
CUST-00049,Joshua Blair,169,14,639339.19,2,5,5,255,12,At Risk
CUST-00050,Eric Carney,99,10,421144.10000000003,3,4,5,345,12,Loyal Customers
CUST-00051,Jessica Holmes,27,12,230133.41,4,4,4,444,12,Champions
CUST-00052,Danny Morgan,100,6,116905.33,2,3,3,233,8,At Risk
CUST-00053,Crystal Robinson,522,2,4172.22,1,1,1,111,3,Lost Customers
CUST-00054,Mark Perez,21,9,169341.93,4,4,4,444,12,Champions
CUST-00055,Shannon Jones,31,19,259978.37,4,5,5,455,14,Champions
CUST-00056,Michael Lewis,17,90,1556435.98,5,5,5,555,15,Champions
CUST-00057,Timothy Duncan,123,3,31626.03,2,2,2,222,6,Lost Customers
CUST-00058,Richard Aguirre,171,3,101201.85,2,2,3,223,7,Needs Attention
CUST-00059,Brent Jordan,286,6,30316.640000000003,1,3,2,132,6,Needs Attention
CUST-00060,John Daniel,140,2,12033.7,2,1,1,211,4,Lost Customers
CUST-00061,Victoria Garcia,2,26,328744.81,5,5,5,555,15,Champions
CUST-00062,Gerald Hensley,34,19,421863.44,4,5,5,455,14,Champions
CUST-00063,Connor West,569,2,38369.47,1,1,2,112,4,Lost Customers
CUST-00064,Donald Wright,67,6,80472.01,3,3,3,333,9,Loyal Customers
CUST-00065,Jessica Callahan,5,10,206827.78,5,4,4,544,13,Champions
CUST-00067,Tracy House,18,19,700973.14,5,5,5,555,15,Champions
CUST-00068,Carol Tucker,284,3,71612.24,1,2,3,123,6,Needs Attention
CUST-00069,James Brown,66,13,339271.43,3,4,5,345,12,Loyal Customers
CUST-00070,William Baker,55,2,21976.16,3,1,2,312,6,Needs Attention
CUST-00071,Jordan Henderson,24,18,449618.34,4,5,5,455,14,Champions
CUST-00072,Whitney Peters,105,4,29022.32,2,2,2,222,6,Lost Customers
CUST-00073,Brittney Phillips,423,1,5344.49,1,1,1,111,3,Lost Customers
CUST-00074,Lauren Daniels,17,17,306129.14999999997,5,5,5,555,15,Champions
CUST-00075,Amy Silva,525,1,1643.77,1,1,1,111,3,Lost Customers
CUST-00076,Sarah Moore,76,5,78489.61,3,3,3,333,9,Loyal Customers
CUST-00077,Angela Lopez,58,34,468574.36,3,5,5,355,13,Loyal Customers
CUST-00078,Megan Young,62,22,316262.74,3,5,5,355,13,Loyal Customers
CUST-00079,Steve Sanchez,36,10,206297.15,4,4,4,444,12,Champions
CUST-00080,Lisa Barnes,25,6,43796.59,4,3,2,432,9,Needs Attention
CUST-00081,Kelly Donovan,401,3,17432.2,1,2,1,121,4,Lost Customers
CUST-00082,Mike Allen,40,1,129488.36,4,1,4,414,9,New Customers
CUST-00084,Paul Jones,105,7,385224.8,2,3,5,235,10,At Risk
CUST-00085,Zachary Ferrell,1,11,257710.91,5,4,5,545,14,Champions
CUST-00086,Daniel Baker,2,10,50981.299999999996,5,4,2,542,11,Needs Attention
CUST-00087,Shirley Suarez,8,9,108969.95,5,4,3,543,12,Loyal Customers
CUST-00089,Lisa Archer,50,4,57829.25,3,2,3,323,8,Potential Loyalists
CUST-00090,Aimee Montoya,439,1,5039.48,1,1,1,111,3,Lost Customers
CUST-00091,Matthew Mcmillan,19,9,108878.17,4,4,3,443,11,Loyal Customers
CUST-00092,Brian Rodriguez,8,4,24052.510000000002,5,2,2,522,9,New Customers
CUST-00093,Denise Jacobs,24,17,81514.9,4,5,3,453,12,Loyal Customers
CUST-00094,Christina Walters,154,5,23163.989999999998,2,3,2,232,7,Needs Attention
CUST-00095,John Whitehead,457,1,1095.84,1,1,1,111,3,Lost Customers
CUST-00096,Anna Henderson,136,1,1834.13,2,1,1,211,4,Lost Customers
CUST-00097,Aaron Wise,62,9,82547.59,3,4,3,343,10,Loyal Customers
CUST-00098,Deborah Figueroa,4,5,75691.93,5,3,3,533,11,Loyal Customers
CUST-00099,Jessica Smith,129,4,55543.909999999996,2,2,2,222,6,Lost Customers
CUST-00100,Stephen Mckee,712,1,1498.33,1,1,1,111,3,Lost Customers
CUST-00101,Sandra Aguilar,15,13,171583.04,5,4,4,544,13,Champions
CUST-00102,Cameron Parker,49,2,3985.11,3,1,1,311,5,Needs Attention
CUST-00103,Rebecca Valencia,195,6,40485.46,2,3,2,232,7,Needs Attention
CUST-00104,Christine Wright,377,9,144927.81,1,4,4,144,9,At Risk
CUST-00105,Richard Henson,228,3,38958.55,2,2,2,222,6,Lost Customers
CUST-00106,Marc Moore,428,3,28445.14,1,2,2,122,5,Lost Customers
CUST-00107,Sharon Cherry,2,76,1517243.59,5,5,5,555,15,Champions
CUST-00108,Sierra Johnson,1,4,61529.05,5,2,3,523,10,New Customers
CUST-00109,Evelyn Galvan,79,4,31626.94,3,2,2,322,7,Needs Attention
CUST-00110,Sharon Cochran,34,11,236449.94999999998,4,4,4,444,12,Champions
CUST-00111,Unknown Customer,2,40,472860.73,5,5,5,555,15,Champions
CUST-00112,Shannon Walker,5,82,1232298.01,5,5,5,555,15,Champions
CUST-00113,Julia Torres,83,6,126863.4,3,3,4,334,10,Loyal Customers
CUST-00114,Crystal Johnson,50,3,10797.81,3,2,1,321,6,Needs Attention
CUST-00115,Garrett Lin,188,1,4846.73,2,1,1,211,4,Lost Customers
CUST-00116,Diana May,25,14,224271.18,4,5,4,454,13,Champions
CUST-00117,William Herrera,41,4,77707.29000000001,4,2,3,423,9,New Customers
CUST-00119,Victor Baker,53,23,610245.17,3,5,5,355,13,Loyal Customers
CUST-00120,Jeffrey Chandler,465,1,28314.26,1,1,2,112,4,Lost Customers
CUST-00121,Larry Dixon,56,6,174131.44,3,3,4,334,10,Loyal Customers
CUST-00122,Kenneth Scott,48,2,1626.8500000000001,3,1,1,311,5,Needs Attention
CUST-00123,April Frost,109,3,197608.38,2,2,4,224,8,Needs Attention
CUST-00124,Michelle Harmon,302,1,8556.47,1,1,1,111,3,Lost Customers
CUST-00125,Helen Jones,233,2,8696.699999999999,2,1,1,211,4,Lost Customers
CUST-00126,Erin Edwards,357,3,10479.37,1,2,1,121,4,Lost Customers
CUST-00127,Michelle Evans,301,4,34895.6,1,2,2,122,5,Lost Customers
CUST-00128,Jason Powell,21,7,101964.18,4,3,3,433,10,Loyal Customers
CUST-00129,Cameron Fisher,68,7,59217.73,3,3,3,333,9,Loyal Customers
CUST-00130,Megan Orr,6,40,576163.8,5,5,5,555,15,Champions
CUST-00131,Elizabeth Kelley,441,1,7464.8,1,1,1,111,3,Lost Customers
CUST-00132,Dustin Jordan,88,2,12414.17,3,1,1,311,5,Needs Attention
CUST-00133,Mary Marshall,25,20,429779.57,4,5,5,455,14,Champions
CUST-00134,Daniel Kennedy,105,4,98799.11,2,2,3,223,7,Needs Attention
CUST-00135,Rebecca Jackson,1,41,650448.37,5,5,5,555,15,Champions
CUST-00136,Jose Schultz,51,2,69220.2,3,1,3,313,7,Potential Loyalists
CUST-00137,Robert Potter,5,59,1054515.51,5,5,5,555,15,Champions
CUST-00138,Courtney Gonzalez,446,1,6232.16,1,1,1,111,3,Lost Customers
CUST-00139,David Alvarez,56,26,608681.19,3,5,5,355,13,Loyal Customers
CUST-00140,Angel Perry,79,4,18324.0,3,2,1,321,6,Needs Attention
CUST-00141,Cheyenne Horton,10,104,2792701.28,5,5,5,555,15,Champions
CUST-00142,David Douglas Jr.,17,3,48564.18,5,2,2,522,9,New Customers
CUST-00143,Patricia Rodriguez,342,3,32701.34,1,2,2,122,5,Lost Customers
CUST-00144,Christopher Rubio,2,46,758789.34,5,5,5,555,15,Champions
CUST-00145,Amber Wright,55,5,28315.879999999997,3,3,2,332,8,Needs Attention
CUST-00146,Joyce Solis,215,6,67375.71,2,3,3,233,8,At Risk
CUST-00147,Victoria Larson,42,9,89788.22,4,4,3,443,11,Loyal Customers
CUST-00148,Stephanie Salazar,71,5,110714.84999999999,3,3,3,333,9,Loyal Customers
CUST-00149,Kathy Rivas,34,7,37735.01,4,3,2,432,9,Needs Attention
CUST-00150,Stephanie Manning,115,6,27508.14,2,3,2,232,7,Needs Attention
CUST-00151,David Wright,12,15,361372.57,5,5,5,555,15,Champions
CUST-00153,Denise Jones,201,1,54260.95,2,1,2,212,5,Lost Customers
CUST-00154,Devon Flores,24,36,648488.4649133828,4,5,5,455,14,Champions
CUST-00155,Brenda Hall,3,24,560971.0,5,5,5,555,15,Champions
CUST-00156,Michelle Brown,26,10,129785.98999999999,4,4,4,444,12,Champions
CUST-00157,Joshua Perry,3,8,89014.48999999999,5,4,3,543,12,Loyal Customers
CUST-00158,Jason Stein,519,3,90865.03,1,2,3,123,6,Needs Attention
CUST-00159,Melissa Gates,14,1,2382.34,5,1,1,511,7,New Customers
CUST-00160,Jamie Smith,141,5,53545.92,2,3,2,232,7,Needs Attention
CUST-00161,Paul Castaneda,56,6,259547.93999999997,3,3,5,335,11,Loyal Customers
CUST-00162,Jennifer Adkins,13,6,149924.59,5,3,4,534,12,Loyal Customers
CUST-00163,Lindsey Walker,82,2,22352.07,3,1,2,312,6,Needs Attention
CUST-00164,Jeffrey Johnson,4,48,618567.56,5,5,5,555,15,Champions
CUST-00165,Michael Powell,12,59,1033327.1,5,5,5,555,15,Champions
CUST-00166,John Anderson,53,5,53237.88,3,3,2,332,8,Needs Attention
CUST-00167,Alyssa Long,96,8,76641.99,3,4,3,343,10,Loyal Customers
CUST-00168,Alyssa Day,634,1,103670.34,1,1,3,113,5,Needs Attention
CUST-00169,Joel Williams,24,7,117401.01000000001,4,3,3,433,10,Loyal Customers
CUST-00170,Daniel Murphy,12,10,290803.54,5,4,5,545,14,Champions
CUST-00171,Jamie Walton,429,1,8259.32,1,1,1,111,3,Lost Customers
CUST-00172,Darlene Miller,2,25,303596.95,5,5,5,555,15,Champions
CUST-00173,Joshua Cooke,38,18,153786.03,4,5,4,454,13,Champions
CUST-00174,Matthew Harrington,20,34,420301.86,4,5,5,455,14,Champions
CUST-00175,Nicole Herring,110,9,123109.67,2,4,4,244,10,At Risk
CUST-00176,Alex Hernandez,7,6,37308.78,5,3,2,532,10,Needs Attention
CUST-00177,Michael Elliott,27,7,328349.78,4,3,5,435,12,Loyal Customers
CUST-00178,Michael Wang,32,31,355335.43,4,5,5,455,14,Champions
CUST-00179,Lawrence Adkins,12,14,229340.76,5,5,4,554,14,Champions
CUST-00181,Alexander Collins,12,2,28399.46,5,1,2,512,8,New Customers
CUST-00182,Tina Sanders,308,4,64635.100000000006,1,2,3,123,6,Needs Attention
CUST-00183,Angela Vaughn,43,15,202029.51,4,5,4,454,13,Champions
CUST-00184,Ashley Barton,16,70,1164240.94,5,5,5,555,15,Champions
CUST-00185,Unknown Customer,585,2,93303.29000000001,1,1,3,113,5,Needs Attention
CUST-00186,Dr. Hannah Patterson,24,10,103155.35,4,4,3,443,11,Loyal Customers
CUST-00187,Jonathan Peterson,78,7,184193.71000000002,3,3,4,334,10,Loyal Customers
CUST-00188,Samantha Garcia,10,42,647487.48,5,5,5,555,15,Champions
CUST-00189,Madison Poole,92,11,223540.2,3,4,4,344,11,Loyal Customers
CUST-00190,Jessica Gross,9,21,441315.54,5,5,5,555,15,Champions
CUST-00191,Debra Morton,76,4,56573.72,3,2,2,322,7,Needs Attention
CUST-00192,Karen Graham,97,3,32217.370000000003,3,2,2,322,7,Needs Attention
CUST-00193,Debra Christian,176,2,10524.37,2,1,1,211,4,Lost Customers
CUST-00195,John Bishop,3,18,461733.99,5,5,5,555,15,Champions
CUST-00196,Allen Rosales,79,13,374482.77999999997,3,4,5,345,12,Loyal Customers
CUST-00197,Daniel Salinas,1,516,8956220.4,5,5,5,555,15,Champions
CUST-00198,Unknown Customer,9,153,2001636.5,5,5,5,555,15,Champions
CUST-00199,Adam Vaughan,50,7,107873.54000000001,3,3,3,333,9,Loyal Customers
CUST-00200,Nathan Freeman,377,7,194589.39,1,3,4,134,8,At Risk
CUST-00201,Melissa Brewer,14,34,764740.12,5,5,5,555,15,Champions
CUST-00202,Ricky Davis II,21,26,562602.6000000001,4,5,5,455,14,Champions
CUST-00203,Elizabeth Perkins,661,2,40818.57,1,1,2,112,4,Lost Customers
CUST-00204,Joseph Coleman,18,4,77943.45,5,2,3,523,10,New Customers
CUST-00205,Erin Warner,520,1,27296.25,1,1,2,112,4,Lost Customers
CUST-00206,David Martinez,7,47,724422.01,5,5,5,555,15,Champions
CUST-00207,Bryan Herrera,234,5,30145.35,2,3,2,232,7,Needs Attention
CUST-00208,Cathy Robinson,49,2,68215.77,3,1,3,313,7,Potential Loyalists
CUST-00209,Dr. William Warren,37,8,120572.8,4,4,4,444,12,Champions
CUST-00210,Brian Lee,101,5,118575.89,2,3,3,233,8,At Risk
CUST-00211,Christopher Smith,117,1,3570.31,2,1,1,211,4,Lost Customers
CUST-00212,Denise Mccann,423,2,37813.88,1,1,2,112,4,Lost Customers
CUST-00213,Melissa Martinez,131,6,33815.479999999996,2,3,2,232,7,Needs Attention
CUST-00214,Katherine Salas,124,4,6795.77,2,2,1,221,5,Lost Customers
CUST-00215,Julie Alexander,73,9,111118.06,3,4,3,343,10,Loyal Customers
CUST-00216,Anthony Everett,209,6,65278.27,2,3,3,233,8,At Risk
CUST-00217,Rodney Morales,19,11,105532.07,4,4,3,443,11,Loyal Customers
CUST-00218,Mark Brown,79,5,57418.19,3,3,3,333,9,Loyal Customers
CUST-00219,Justin Torres,101,4,11530.77,2,2,1,221,5,Lost Customers
CUST-00220,Bailey Duran DDS,45,20,374619.79,4,5,5,455,14,Champions
CUST-00221,Courtney Mills,22,10,256663.78,4,4,5,445,13,Champions
CUST-00222,Jeremy Dalton,224,1,102002.4,2,1,3,213,6,Needs Attention
CUST-00223,Elizabeth Oliver DDS,21,4,108346.33,4,2,3,423,9,New Customers
CUST-00224,Theresa Clark,32,14,137371.04,4,5,4,454,13,Champions
CUST-00225,Matthew Moore,101,8,146664.13,2,4,4,244,10,At Risk
CUST-00226,Benjamin Smith,44,5,158099.94,4,3,4,434,11,Loyal Customers
CUST-00227,Unknown Customer,383,1,6634.02,1,1,1,111,3,Lost Customers
CUST-00228,Michael Warner,53,2,8002.969999999999,3,1,1,311,5,Needs Attention
CUST-00229,Michael Bradshaw,603,1,2229.95,1,1,1,111,3,Lost Customers
CUST-00230,Lori Guerrero,31,3,17989.840000000004,4,2,1,421,7,New Customers
CUST-00231,Jessica Stephens,73,6,26344.37,3,3,2,332,8,Needs Attention
CUST-00232,Susan Serrano,178,2,8667.66,2,1,1,211,4,Lost Customers
CUST-00233,Christopher Parker,347,5,38687.13,1,3,2,132,6,Needs Attention
CUST-00234,Laura Roberts,7,16,472303.71,5,5,5,555,15,Champions
CUST-00235,Michael Lyons,117,1,4509.23,2,1,1,211,4,Lost Customers
CUST-00236,Kathryn Snyder,47,7,214489.75,4,3,4,434,11,Loyal Customers
CUST-00237,Andrew Reynolds,3,14,313484.98,5,5,5,555,15,Champions
CUST-00238,David Davis,172,2,3225.6099999999997,2,1,1,211,4,Lost Customers
CUST-00239,Sara Johnston,47,9,275674.01999999996,4,4,5,445,13,Champions
CUST-00240,Yvonne Chambers,33,17,443872.11,4,5,5,455,14,Champions
CUST-00241,Andrew Avila,22,38,723394.59,4,5,5,455,14,Champions
CUST-00242,Matthew Moon,76,4,82429.3,3,2,3,323,8,Potential Loyalists
CUST-00243,Unknown Customer,39,29,433626.1,4,5,5,455,14,Champions
CUST-00244,Brandon Bailey MD,195,7,30841.31,2,3,2,232,7,Needs Attention
CUST-00245,Shannon Rivera,141,3,112409.48000000001,2,2,3,223,7,Needs Attention
CUST-00246,Donna Landry,463,4,50681.5,1,2,2,122,5,Lost Customers
CUST-00247,Krista Gibson,2,63,1150971.96,5,5,5,555,15,Champions
CUST-00248,Frank Cordova,56,6,37511.2,3,3,2,332,8,Needs Attention
CUST-00249,Jose Travis,308,1,1770.19,1,1,1,111,3,Lost Customers
CUST-00250,Kimberly Gutierrez,56,5,117002.65,3,3,3,333,9,Loyal Customers
CUST-00251,Isaiah Avila,283,3,12239.27,1,2,1,121,4,Lost Customers
CUST-00253,Tanya Kim,67,2,73439.93,3,1,3,313,7,Potential Loyalists
CUST-00254,Barbara Dudley,439,2,9458.67,1,1,1,111,3,Lost Customers
CUST-00255,Cynthia Moore,502,1,25758.6,1,1,2,112,4,Lost Customers
CUST-00256,Kristen Davis,25,2,17787.4,4,1,1,411,6,New Customers
CUST-00257,Susan Murray MD,32,11,99743.73999999999,4,4,3,443,11,Loyal Customers
CUST-00258,Kathleen Moran,42,2,4345.93,4,1,1,411,6,New Customers
CUST-00259,Denise Davenport,340,3,25272.420000000002,1,2,2,122,5,Lost Customers
CUST-00260,Mrs. Kristen Reyes,13,17,218131.18,5,5,4,554,14,Champions
CUST-00261,Katie Suarez,311,4,39819.38,1,2,2,122,5,Lost Customers
CUST-00262,Desiree Tyler,154,12,283132.61,2,4,5,245,11,At Risk
CUST-00263,Timothy Romero,4,5,26740.78,5,3,2,532,10,Needs Attention
CUST-00264,Diane Evans,198,2,12110.91,2,1,1,211,4,Lost Customers
CUST-00266,Joshua Reed,344,1,1696.73,1,1,1,111,3,Lost Customers
CUST-00267,Kimberly Gibson,78,5,94609.53000000001,3,3,3,333,9,Loyal Customers
CUST-00268,Colin Terry,458,2,13527.34,1,1,1,111,3,Lost Customers
CUST-00270,Patrick Thornton,607,1,2612.3,1,1,1,111,3,Lost Customers
CUST-00271,Jasmin Alvarado,58,7,55274.76,3,3,2,332,8,Needs Attention
CUST-00272,Veronica Simpson,539,2,14841.16,1,1,1,111,3,Lost Customers
CUST-00273,Jonathan Lawrence,514,2,1782.96,1,1,1,111,3,Lost Customers
CUST-00274,Shelly Alexander,180,4,90264.98000000001,2,2,3,223,7,Needs Attention
CUST-00275,Joyce Bowen,4,14,254907.90000000002,5,5,5,555,15,Champions
CUST-00276,Matthew Moore,89,2,17126.34,3,1,1,311,5,Needs Attention
CUST-00277,Wayne Morgan,17,14,155194.89,5,5,4,554,14,Champions
CUST-00278,Marie Christian,18,8,241092.51,5,4,4,544,13,Champions
CUST-00279,Shannon James,489,2,5627.28,1,1,1,111,3,Lost Customers
CUST-00280,Nathan Malone,73,16,186421.91,3,5,4,354,12,Loyal Customers
CUST-00281,Amanda Jones,63,22,363116.65,3,5,5,355,13,Loyal Customers
CUST-00283,Jessica Garcia,318,2,3746.29,1,1,1,111,3,Lost Customers
CUST-00284,Shelia Wallace,33,19,282617.92,4,5,5,455,14,Champions
CUST-00285,Stephanie Williams,42,16,203149.35,4,5,4,454,13,Champions
CUST-00286,Elaine Brooks,215,2,5485.43,2,1,1,211,4,Lost Customers
CUST-00287,Joseph Knight,76,1,1065.71,3,1,1,311,5,Needs Attention
CUST-00288,Carolyn Miller,186,2,14179.539999999999,2,1,1,211,4,Lost Customers
CUST-00289,Lisa Allen,25,6,84862.13,4,3,3,433,10,Loyal Customers
CUST-00290,Briana Murray,5,10,419774.47000000003,5,4,5,545,14,Champions
CUST-00291,David Smith,55,6,186085.83,3,3,4,334,10,Loyal Customers
CUST-00292,Stephanie Byrd,115,3,298976.22,2,2,5,225,9,Needs Attention
CUST-00293,Jeremy Reed,16,13,241179.15,5,4,4,544,13,Champions
CUST-00295,Ryan Gonzalez,156,2,3901.2200000000003,2,1,1,211,4,Lost Customers
CUST-00296,John Young,45,8,25488.14,4,4,2,442,10,Needs Attention
CUST-00297,Laura Haney,44,20,273234.27,4,5,5,455,14,Champions
CUST-00298,William Barrett,418,2,262167.58999999997,1,1,5,115,7,Needs Attention
CUST-00299,Keith Jennings,3,9,80157.51,5,4,3,543,12,Loyal Customers
CUST-00301,Tanner Mitchell DDS,4,6,95126.42,5,3,3,533,11,Loyal Customers
CUST-00302,Heather Fields,24,7,94376.01999999999,4,3,3,433,10,Loyal Customers
CUST-00303,Megan Le,194,1,2721.87,2,1,1,211,4,Lost Customers
CUST-00304,Sara Fuller,36,3,7253.78,4,2,1,421,7,New Customers
CUST-00305,Maria Parker,102,5,38867.49,2,3,2,232,7,Needs Attention
CUST-00306,Kevin Oconnor,604,1,9262.39,1,1,1,111,3,Lost Customers
CUST-00307,Edward Burgess,48,3,260576.19,3,2,5,325,10,Potential Loyalists
CUST-00308,Carlos Ryan,160,2,19831.33,2,1,1,211,4,Lost Customers
CUST-00309,Kiara Mcintyre,249,7,90656.1,1,3,3,133,7,At Risk
CUST-00310,Dawn Summers,113,4,72703.17,2,2,3,223,7,Needs Attention
CUST-00311,Dr. Paul Morgan,45,22,367222.45,4,5,5,455,14,Champions
CUST-00312,Victor Taylor,3,14,209029.59,5,5,4,554,14,Champions
CUST-00313,Shannon Ramsey,36,8,71461.42,4,4,3,443,11,Loyal Customers
CUST-00314,Tracy Ballard,39,13,324884.39,4,4,5,445,13,Champions
CUST-00315,Richard Smith,34,9,72787.79,4,4,3,443,11,Loyal Customers
CUST-00316,Jordan Chambers,586,1,4515.12,1,1,1,111,3,Lost Customers
CUST-00317,Lauren Carson,720,1,1765.64,1,1,1,111,3,Lost Customers
CUST-00318,Ashley Hall,55,10,154103.94,3,4,4,344,11,Loyal Customers
CUST-00319,Stephen Hoffman,28,12,299792.18,4,4,5,445,13,Champions
CUST-00320,Connie Brown,149,3,27436.760000000002,2,2,2,222,6,Lost Customers
CUST-00321,Susan Turner,220,1,13523.94,2,1,1,211,4,Lost Customers
CUST-00323,Johnathan Davis,88,5,113150.32,3,3,3,333,9,Loyal Customers
CUST-00324,Brandy Chavez,58,6,80702.15000000001,3,3,3,333,9,Loyal Customers
CUST-00325,Natalie Bautista,52,6,41020.56,3,3,2,332,8,Needs Attention
CUST-00326,Patrick Moore,68,6,51195.979999999996,3,3,2,332,8,Needs Attention
CUST-00327,Brett Burns,10,72,1362942.4,5,5,5,555,15,Champions
CUST-00328,Trevor Johnson,24,3,28927.57,4,2,2,422,8,New Customers
CUST-00329,Jeremy Sampson,40,2,33779.06,4,1,2,412,7,New Customers
CUST-00331,Vanessa Howard,53,1,33337.23,3,1,2,312,6,Needs Attention
CUST-00333,Jordan Bates,458,1,903.52,1,1,1,111,3,Lost Customers
CUST-00334,Linda Smith,607,1,14025.42,1,1,1,111,3,Lost Customers
CUST-00335,Dana Martinez,291,2,45478.42,1,1,2,112,4,Lost Customers
CUST-00336,Andrea Hubbard,128,1,11104.54,2,1,1,211,4,Lost Customers
CUST-00337,Daniel Kane,34,24,724142.04,4,5,5,455,14,Champions
CUST-00338,Charles Lester,113,2,6481.79,2,1,1,211,4,Lost Customers
CUST-00339,Scott Thomas,12,6,100517.74,5,3,3,533,11,Loyal Customers
CUST-00340,David Thompson,219,4,63733.479999999996,2,2,3,223,7,Needs Attention
CUST-00341,Allison Smith,5,60,1031933.03,5,5,5,555,15,Champions
CUST-00342,Cynthia Morris,341,2,49406.46,1,1,2,112,4,Lost Customers
CUST-00343,Anthony Harmon,222,4,113108.56,2,2,3,223,7,Needs Attention
CUST-00344,Nichole Alvarez,31,36,721564.36,4,5,5,455,14,Champions
CUST-00345,Kayla Rodriguez,93,10,93868.03,3,4,3,343,10,Loyal Customers
CUST-00346,Theresa Williams,4,12,209845.47,5,4,4,544,13,Champions
CUST-00347,Sharon Boyd,64,5,169675.69,3,3,4,334,10,Loyal Customers
CUST-00348,Victor Brown,41,1,2454.46,4,1,1,411,6,New Customers
CUST-00349,James Parks,82,3,72790.49,3,2,3,323,8,Potential Loyalists
CUST-00350,Theodore Jones Jr.,92,23,514162.08,3,5,5,355,13,Loyal Customers
CUST-00351,Ana Hill,92,6,119062.98,3,3,4,334,10,Loyal Customers
CUST-00352,Kimberly Nguyen,237,1,2953.22,2,1,1,211,4,Lost Customers
CUST-00354,Michael Farrell,164,9,93025.82999999999,2,4,3,243,9,At Risk
CUST-00355,Patricia Le,84,2,64493.520000000004,3,1,3,313,7,Potential Loyalists
CUST-00356,Jesse Perez,307,2,20139.440000000002,1,1,1,111,3,Lost Customers
CUST-00357,Jesse Perry,1,5,109516.78,5,3,3,533,11,Loyal Customers
CUST-00358,Jeffery Ortega,3,6,144292.77,5,3,4,534,12,Loyal Customers
CUST-00359,Christian Leblanc,260,2,8197.53,1,1,1,111,3,Lost Customers
CUST-00360,Ronald Davis,344,1,34556.78,1,1,2,112,4,Lost Customers
CUST-00361,Parker Cain,130,10,448232.37,2,4,5,245,11,At Risk
CUST-00362,Laurie Hoffman,71,3,34222.94,3,2,2,322,7,Needs Attention
CUST-00363,Bryan Gomez,72,7,92219.90999999999,3,3,3,333,9,Loyal Customers
CUST-00365,Tracy Burke,49,5,107344.31,3,3,3,333,9,Loyal Customers
CUST-00366,Kenneth Lewis,117,7,52320.340000000004,2,3,2,232,7,Needs Attention
CUST-00367,Courtney Rodriguez,570,1,1368.02,1,1,1,111,3,Lost Customers
CUST-00368,Holly Farmer,165,4,18232.63,2,2,1,221,5,Lost Customers
CUST-00370,Sabrina Austin,411,2,5147.45,1,1,1,111,3,Lost Customers
CUST-00371,Allison Hickman,1,94,2093773.1,5,5,5,555,15,Champions
CUST-00372,Debra White,51,4,31313.989999999998,3,2,2,322,7,Needs Attention
CUST-00373,Ellen Morgan,12,16,374031.29000000004,5,5,5,555,15,Champions
CUST-00374,Sergio Knight,107,2,9386.09,2,1,1,211,4,Lost Customers
CUST-00375,Charles Schultz,87,8,273641.13,3,4,5,345,12,Loyal Customers
CUST-00376,Paul Lewis,77,13,270806.75,3,4,5,345,12,Loyal Customers
CUST-00377,Glen Wood,103,7,79127.52,2,3,3,233,8,At Risk
CUST-00378,Paula Bradley,33,5,163132.47,4,3,4,434,11,Loyal Customers
CUST-00379,Anthony Moore,82,4,20907.72,3,2,2,322,7,Needs Attention
CUST-00380,Megan Nelson,81,4,44604.17,3,2,2,322,7,Needs Attention
CUST-00381,Karla Ramos,25,27,577936.46,4,5,5,455,14,Champions
CUST-00382,Paul Wilson,57,6,139353.65,3,3,4,334,10,Loyal Customers
CUST-00383,Douglas Gregory,3,44,768385.56,5,5,5,555,15,Champions
CUST-00384,Mr. Andrew Foster,205,1,24542.05,2,1,2,212,5,Lost Customers
CUST-00385,Aimee Turner,255,5,246259.88,1,3,4,134,8,At Risk
CUST-00386,Chad Scott,78,16,170403.24,3,5,4,354,12,Loyal Customers
CUST-00388,James Padilla,677,3,30619.339999999997,1,2,2,122,5,Lost Customers
CUST-00389,Sandra Drake,17,12,342791.98,5,4,5,545,14,Champions
CUST-00390,Scott Williams,305,5,301521.66,1,3,5,135,9,At Risk
CUST-00391,Thomas Atkins,46,11,164753.85,4,4,4,444,12,Champions
CUST-00392,Laura Mckinney,51,4,32757.879999999997,3,2,2,322,7,Needs Attention
CUST-00393,Brian Smith,3,10,150035.15,5,4,4,544,13,Champions
CUST-00394,Robert Montgomery,204,1,862.11,2,1,1,211,4,Lost Customers
CUST-00395,Tamara Davis,42,3,12034.74,4,2,1,421,7,New Customers
CUST-00396,Dana Chapman,289,3,22736.059999999998,1,2,2,122,5,Lost Customers
CUST-00397,Jennifer Collins,38,14,169920.55,4,5,4,454,13,Champions
CUST-00398,Gary Jackson,7,13,93037.96,5,4,3,543,12,Loyal Customers
CUST-00399,Ashley Hicks,76,7,76513.53,3,3,3,333,9,Loyal Customers
CUST-00400,Hannah Luna,113,4,11909.33,2,2,1,221,5,Lost Customers
CUST-00401,Robin Young,28,17,261865.68,4,5,5,455,14,Champions
CUST-00402,Craig Morrison,67,7,143921.22999999998,3,3,4,334,10,Loyal Customers
CUST-00403,Mary Thompson,11,11,415312.93,5,4,5,545,14,Champions
CUST-00404,Kathleen Webster,82,6,155311.84,3,3,4,334,10,Loyal Customers
CUST-00405,Joann Glass,126,6,93610.98999999999,2,3,3,233,8,At Risk
CUST-00406,Madison Weber,41,6,105375.14,4,3,3,433,10,Loyal Customers
CUST-00407,Lori Hernandez,52,5,314943.91000000003,3,3,5,335,11,Loyal Customers
CUST-00408,Jeremy Turner,2,10,163591.72,5,4,4,544,13,Champions
CUST-00409,Anthony Romero,281,3,109118.34999999999,1,2,3,123,6,Needs Attention
CUST-00410,Jesse Brown,17,4,83216.01,5,2,3,523,10,New Customers
CUST-00411,Angela Lin,28,17,239473.03,4,5,4,454,13,Champions
CUST-00412,Lisa Hunter,49,3,55709.14,3,2,2,322,7,Needs Attention
CUST-00413,Unknown Customer,245,4,198002.5,1,2,4,124,7,Needs Attention
CUST-00414,Joanna Pacheco,28,15,248603.86000000002,4,5,5,455,14,Champions
CUST-00415,Erica Alvarez,123,4,53753.67,2,2,2,222,6,Lost Customers
CUST-00416,Antonio Garcia,473,1,2261.2,1,1,1,111,3,Lost Customers
CUST-00417,Gwendolyn Klein,42,34,796480.97,4,5,5,455,14,Champions
CUST-00418,Carrie Wright,34,6,323439.29,4,3,5,435,12,Loyal Customers
CUST-00420,Jake Campbell,251,3,64813.39,1,2,3,123,6,Needs Attention
CUST-00421,George Harper,3,15,250532.49,5,5,5,555,15,Champions
CUST-00422,Maria Jones,7,9,121538.09,5,4,4,544,13,Champions
CUST-00423,Michael Mitchell,313,5,94590.31,1,3,3,133,7,At Risk
CUST-00424,Mary Escobar,3,23,211559.52,5,5,4,554,14,Champions
CUST-00425,Felicia Aguilar,9,8,220915.99,5,4,4,544,13,Champions
CUST-00427,Jenna Larson,174,2,117999.51999999999,2,1,3,213,6,Needs Attention
CUST-00428,Emily Bennett,567,1,656.02,1,1,1,111,3,Lost Customers
CUST-00429,Robin Santiago,26,11,54245.31,4,4,2,442,10,Needs Attention
CUST-00430,Nancy Jennings,447,1,9721.1,1,1,1,111,3,Lost Customers
CUST-00431,Maria Henderson,53,7,196549.71000000002,3,3,4,334,10,Loyal Customers
CUST-00432,Jack White,68,11,76142.72,3,4,3,343,10,Loyal Customers
CUST-00433,Travis Tucker,4,19,547716.99,5,5,5,555,15,Champions
CUST-00434,Chad Jones,23,4,29312.460000000003,4,2,2,422,8,New Customers
CUST-00435,Ashley Wise,33,14,307472.87,4,5,5,455,14,Champions
CUST-00437,Ralph Anderson,21,12,249678.14,4,4,5,445,13,Champions
CUST-00438,Christopher Guerra,667,1,14249.86,1,1,1,111,3,Lost Customers
CUST-00439,Rhonda Martin,2,5,83816.33,5,3,3,533,11,Loyal Customers
CUST-00440,Jason Rhodes,50,16,443221.41,3,5,5,355,13,Loyal Customers
CUST-00442,Joann Ferguson,3,4,176364.16,5,2,4,524,11,New Customers
CUST-00443,Robert Harrison,87,11,226700.29,3,4,4,344,11,Loyal Customers
CUST-00444,Holly Valentine,7,17,162566.21,5,5,4,554,14,Champions
CUST-00445,Mrs. Diane Reyes,52,3,8861.9,3,2,1,321,6,Needs Attention
CUST-00446,Tracy Montoya,20,4,27559.21,4,2,2,422,8,New Customers
CUST-00447,Brenda Wright,478,5,18407.18,1,3,1,131,5,Needs Attention
CUST-00448,Shelly Spencer,467,2,45656.630000000005,1,1,2,112,4,Lost Customers
CUST-00449,Ryan Rosales,257,6,89722.37,1,3,3,133,7,At Risk
CUST-00450,Phillip Nelson,131,1,22616.86,2,1,2,212,5,Lost Customers
CUST-00451,Brittany Kim,7,29,553594.01,5,5,5,555,15,Champions
CUST-00452,Courtney Hayes,86,8,172902.38,3,4,4,344,11,Loyal Customers
CUST-00453,Alexander Brown,263,3,34627.22,1,2,2,122,5,Lost Customers
CUST-00454,Cynthia Vang,20,7,100031.87,4,3,3,433,10,Loyal Customers
CUST-00455,Alfred Galvan,4,28,387105.84,5,5,5,555,15,Champions
CUST-00457,Dustin Gallegos,73,5,88058.98999999999,3,3,3,333,9,Loyal Customers
CUST-00458,Brenda Thornton,174,1,4027.76,2,1,1,211,4,Lost Customers
CUST-00459,Aaron Miller,313,7,144103.94,1,3,4,134,8,At Risk
CUST-00460,Ruben Dunn,56,2,26542.13,3,1,2,312,6,Needs Attention
CUST-00461,Kelsey Rodriguez,52,12,132870.18,3,4,4,344,11,Loyal Customers
CUST-00462,Eric Williams,7,21,277151.73,5,5,5,555,15,Champions
CUST-00463,Riley Bryant,58,6,83252.66,3,3,3,333,9,Loyal Customers
CUST-00464,Taylor Carlson,42,4,5653.65,4,2,1,421,7,New Customers
CUST-00465,Jose Allen,40,26,431396.87,4,5,5,455,14,Champions
CUST-00466,Jeffrey Mendez,15,8,166121.76,5,4,4,544,13,Champions
CUST-00467,Jason Beck,166,2,19425.269999999997,2,1,1,211,4,Lost Customers
CUST-00468,William Jones,3,11,156085.35,5,4,4,544,13,Champions
CUST-00469,Katie Mcneil,39,4,43535.71,4,2,2,422,8,New Customers
CUST-00470,Jeanette Harrison,415,1,813.7,1,1,1,111,3,Lost Customers
CUST-00471,Veronica King,58,10,110437.25,3,4,3,343,10,Loyal Customers
CUST-00472,Richard Cooper,3,34,541765.44,5,5,5,555,15,Champions
CUST-00473,Lori Ingram,5,22,470781.95,5,5,5,555,15,Champions
CUST-00474,Evelyn Williams,556,4,46944.549999999996,1,2,2,122,5,Lost Customers
CUST-00476,Julie Dominguez,10,58,745265.62,5,5,5,555,15,Champions
CUST-00477,Robin Brown,14,13,113517.14,5,4,3,543,12,Loyal Customers
CUST-00478,Judith Carter,34,3,17168.45,4,2,1,421,7,New Customers
CUST-00479,Curtis Williams,15,26,215174.32,5,5,4,554,14,Champions
CUST-00480,Kaylee Hays,17,19,222100.4,5,5,4,554,14,Champions
CUST-00481,Dawn Mullins,3,5,92436.36,5,3,3,533,11,Loyal Customers
CUST-00482,Howard Norman,83,5,43469.77,3,3,2,332,8,Needs Attention
CUST-00483,Evelyn Martinez,140,2,10699.61,2,1,1,211,4,Lost Customers
CUST-00484,Unknown Customer,543,1,1410.19,1,1,1,111,3,Lost Customers
CUST-00485,Jasmine Beltran,69,3,13909.97,3,2,1,321,6,Needs Attention
CUST-00486,Jonathan Glass MD,63,17,188333.56,3,5,4,354,12,Loyal Customers
CUST-00487,Monica Miller,454,1,1591.8,1,1,1,111,3,Lost Customers
CUST-00488,Samantha Gardner,491,4,26253.03,1,2,2,122,5,Lost Customers
CUST-00489,Bobby Guerrero,207,2,5115.71,2,1,1,211,4,Lost Customers
CUST-00490,Lance Simmons,220,6,164820.09,2,3,4,234,9,At Risk
CUST-00491,Heather Williams,25,23,291263.88,4,5,5,455,14,Champions
CUST-00492,Heather Bolton,57,2,37660.3,3,1,2,312,6,Needs Attention
CUST-00493,William Gould,446,2,87562.26999999999,1,1,3,113,5,Needs Attention
CUST-00494,Mark Cox,3,6,20229.59,5,3,1,531,9,Needs Attention
CUST-00495,Meghan Cisneros,155,4,48090.14,2,2,2,222,6,Lost Customers
CUST-00496,Lawrence Harrington,643,1,16947.9,1,1,1,111,3,Lost Customers
CUST-00497,Austin Osborne,21,4,189887.98,4,2,4,424,10,New Customers
CUST-00499,Meghan Rush,158,2,8933.87,2,1,1,211,4,Lost Customers
CUST-00500,Phillip Berry,436,3,28324.58,1,2,2,122,5,Lost Customers
CUST-00501,Jennifer Banks,82,6,136376.82,3,3,4,334,10,Loyal Customers
CUST-00502,Brian Fitzgerald,69,24,720432.5700000001,3,5,5,355,13,Loyal Customers
CUST-00503,Mr. Justin Green III,135,3,41647.28,2,2,2,222,6,Lost Customers
CUST-00504,Zachary Mitchell,27,7,76184.56,4,3,3,433,10,Loyal Customers
CUST-00505,Katherine Martinez,87,8,166454.16,3,4,4,344,11,Loyal Customers
CUST-00507,Brandon Fleming,44,11,218567.59,4,4,4,444,12,Champions
CUST-00508,Emma Reed,281,1,11833.56,1,1,1,111,3,Lost Customers
CUST-00509,Joshua Vance,35,41,488541.06,4,5,5,455,14,Champions
CUST-00510,Michelle Ho,401,2,9466.82,1,1,1,111,3,Lost Customers
CUST-00511,Rebecca Hicks,318,2,30643.829999999998,1,1,2,112,4,Lost Customers
CUST-00512,Curtis Taylor,263,2,11462.21,1,1,1,111,3,Lost Customers
CUST-00513,Allison Spencer,3,152,1865001.6,5,5,5,555,15,Champions
CUST-00514,Robert Arnold,87,7,38208.64,3,3,2,332,8,Needs Attention
CUST-00515,Angelica Parker,1,5,34464.99,5,3,2,532,10,Needs Attention
CUST-00516,Dr. Kelly Hammond DVM,189,2,56605.75,2,1,2,212,5,Lost Customers
CUST-00517,William Day,35,11,405953.51,4,4,5,445,13,Champions
CUST-00518,Michael Cooper,94,4,105485.32,3,2,3,323,8,Potential Loyalists
CUST-00519,Penny Bowman,2,25,692724.9400000001,5,5,5,555,15,Champions
CUST-00520,Vincent Reynolds,443,2,6755.02,1,1,1,111,3,Lost Customers
CUST-00521,Amy Martinez,520,2,35993.87,1,1,2,112,4,Lost Customers
CUST-00522,Christopher Morris,409,1,3981.5,1,1,1,111,3,Lost Customers
CUST-00523,Hannah Everett,131,5,19555.28,2,3,1,231,6,Needs Attention
CUST-00524,Sarah King,85,3,42397.26,3,2,2,322,7,Needs Attention
CUST-00526,Joseph Shaw,7,10,263327.9,5,4,5,545,14,Champions
CUST-00527,Todd Moore,49,6,110713.38,3,3,3,333,9,Loyal Customers
CUST-00528,Michelle Jacobs,17,7,231241.25,5,3,4,534,12,Loyal Customers
CUST-00530,Angel May,2,3,55888.79,5,2,2,522,9,New Customers
CUST-00531,Marilyn Wang,42,8,148724.75,4,4,4,444,12,Champions
CUST-00532,Mark Jimenez,58,4,187715.51,3,2,4,324,9,Potential Loyalists
CUST-00533,Donna Frye,102,5,29407.4,2,3,2,232,7,Needs Attention
CUST-00534,Dr. Michael Evans,16,17,200754.32,5,5,4,554,14,Champions
CUST-00535,Anthony Gonzales,3,32,341516.33,5,5,5,555,15,Champions
CUST-00536,Mr. Lawrence Edwards,133,4,193782.73,2,2,4,224,8,Needs Attention
CUST-00537,Morgan Valencia,138,3,34110.729999999996,2,2,2,222,6,Lost Customers
CUST-00538,Bianca Wood,41,4,186574.80000000002,4,2,4,424,10,New Customers
CUST-00539,Emma Owens,33,5,211202.55,4,3,4,434,11,Loyal Customers
CUST-00541,James Gilbert,433,1,490.47,1,1,1,111,3,Lost Customers
CUST-00542,Sean Moore,112,7,16044.42,2,3,1,231,6,Needs Attention
CUST-00543,Kenneth Edwards,232,8,136991.91,2,4,4,244,10,At Risk
CUST-00545,Mr. Alexander Landry MD,285,1,10577.53,1,1,1,111,3,Lost Customers
CUST-00546,Cindy Gomez,303,3,8459.72,1,2,1,121,4,Lost Customers
CUST-00547,Johnny Khan,216,9,125772.81999999999,2,4,4,244,10,At Risk
CUST-00548,Julie Herrera,325,1,37041.37,1,1,2,112,4,Lost Customers
CUST-00549,Jessica Khan,131,2,7252.969999999999,2,1,1,211,4,Lost Customers
CUST-00550,Pamela Diaz,85,13,273929.67,3,4,5,345,12,Loyal Customers
CUST-00551,Kelly Lee,466,2,9538.83,1,1,1,111,3,Lost Customers
CUST-00552,Angel Gordon,336,2,3812.65,1,1,1,111,3,Lost Customers
CUST-00553,Diana Hays,200,3,127415.79999999999,2,2,4,224,8,Needs Attention
CUST-00555,Robert Morgan,22,4,70532.0,4,2,3,423,9,New Customers
CUST-00556,Nicole Gonzalez,27,9,196498.48,4,4,4,444,12,Champions
CUST-00557,Kathryn Williams,8,19,512879.72,5,5,5,555,15,Champions
CUST-00558,Gary Wells,19,14,343160.47,4,5,5,455,14,Champions
CUST-00559,Larry Robertson,117,5,75398.47,2,3,3,233,8,At Risk
CUST-00560,Louis Martin,62,10,80461.84,3,4,3,343,10,Loyal Customers
CUST-00561,Nancy Evans MD,145,5,135054.8,2,3,4,234,9,At Risk
CUST-00562,Kim Erickson,101,1,246455.25,2,1,4,214,7,Needs Attention
CUST-00563,Robert Richardson,10,25,566077.91,5,5,5,555,15,Champions
CUST-00564,Veronica Silva,459,1,891.36,1,1,1,111,3,Lost Customers
CUST-00565,Molly Watts,87,2,7884.93,3,1,1,311,5,Needs Attention
CUST-00566,John Coffey,360,1,11032.54,1,1,1,111,3,Lost Customers
CUST-00567,Paula Lane,161,2,20198.510000000002,2,1,1,211,4,Lost Customers
CUST-00568,Lauren Jackson,374,1,69113.56,1,1,3,113,5,Needs Attention
CUST-00569,Lisa Randall,24,4,292884.99,4,2,5,425,11,New Customers
CUST-00570,Michael Johnson,71,2,3257.3,3,1,1,311,5,Needs Attention
CUST-00571,Ashley Smith,78,16,188415.03,3,5,4,354,12,Loyal Customers
CUST-00572,Christian Vaughn,36,14,138108.88999999998,4,5,4,454,13,Champions
CUST-00573,Reginald Knapp,464,2,6885.6,1,1,1,111,3,Lost Customers
CUST-00575,Daniel Nguyen,236,3,15887.04,2,2,1,221,5,Lost Customers
CUST-00576,Kelly Edwards,2,9,191507.49,5,4,4,544,13,Champions
CUST-00577,Thomas Peterson,96,2,40306.700000000004,3,1,2,312,6,Needs Attention
CUST-00578,Raymond Le,240,5,134137.08000000002,2,3,4,234,9,At Risk
CUST-00579,Melissa Bishop,55,3,36162.270000000004,3,2,2,322,7,Needs Attention
CUST-00580,David Grant,229,1,46311.96,2,1,2,212,5,Lost Customers
CUST-00581,William Evans,164,2,18802.52,2,1,1,211,4,Lost Customers
CUST-00583,Gregory Peck,15,42,775687.7000000001,5,5,5,555,15,Champions
CUST-00584,Denise Martinez,34,10,93993.59999999999,4,4,3,443,11,Loyal Customers
CUST-00585,Jamie Baird,86,2,11709.01,3,1,1,311,5,Needs Attention
CUST-00586,Tina Ballard,8,14,231570.94,5,5,4,554,14,Champions
CUST-00587,Dwayne Klein,217,5,44447.72,2,3,2,232,7,Needs Attention
CUST-00588,Jeremy Scott,81,21,154594.37,3,5,4,354,12,Loyal Customers
CUST-00589,Dale Ryan,46,10,135722.81,4,4,4,444,12,Champions
CUST-00590,Melissa Taylor,564,1,9781.14,1,1,1,111,3,Lost Customers
CUST-00591,Laurie Sanchez,438,2,103338.34999999999,1,1,3,113,5,Needs Attention
CUST-00592,Kiara Little,77,3,62592.700000000004,3,2,3,323,8,Potential Loyalists
CUST-00593,Jason Love,184,3,97016.16,2,2,3,223,7,Needs Attention
CUST-00594,Randy Smith,68,4,50670.05,3,2,2,322,7,Needs Attention
CUST-00595,Tanya Russell,5,2,54144.12,5,1,2,512,8,New Customers
CUST-00596,Sherry Woods,37,5,154021.49,4,3,4,434,11,Loyal Customers
CUST-00597,Victor Morris,34,15,169380.56,4,5,4,454,13,Champions
CUST-00598,Susan Davis,2,77,1683250.51,5,5,5,555,15,Champions
CUST-00599,Kimberly Sharp,264,5,135620.16999999998,1,3,4,134,8,At Risk
CUST-00601,Casey Gillespie,32,4,14458.91,4,2,1,421,7,New Customers
CUST-00602,Jennifer Simpson DVM,172,2,181148.26,2,1,4,214,7,Needs Attention
CUST-00603,Tammy Mcdowell,11,18,285499.05,5,5,5,555,15,Champions
CUST-00604,Keith Rodriguez,185,2,27370.28,2,1,2,212,5,Lost Customers
CUST-00605,Mrs. Virginia Daniels,313,4,40053.159999999996,1,2,2,122,5,Lost Customers
CUST-00606,Todd Rosales MD,407,2,7964.93,1,1,1,111,3,Lost Customers
CUST-00607,Brian Martin,35,9,72328.07,4,4,3,443,11,Loyal Customers
CUST-00608,David Lopez,45,11,138140.79,4,4,4,444,12,Champions
CUST-00609,Rachel Bradley,8,13,347004.14,5,4,5,545,14,Champions
CUST-00610,Casey Chase,44,3,123765.62,4,2,4,424,10,New Customers
CUST-00611,Samantha Robertson,481,1,35002.69,1,1,2,112,4,Lost Customers
CUST-00612,Michael Lopez,74,2,13079.18,3,1,1,311,5,Needs Attention
CUST-00613,Franklin Wright,35,24,349840.38,4,5,5,455,14,Champions
CUST-00614,David Molina,49,15,265235.52,3,5,5,355,13,Loyal Customers
CUST-00615,Elizabeth Sharp,75,4,33526.00000000001,3,2,2,322,7,Needs Attention
CUST-00616,Matthew Schwartz,57,10,153923.61000000002,3,4,4,344,11,Loyal Customers
CUST-00617,Bryan Parker,12,7,107109.45,5,3,3,533,11,Loyal Customers
CUST-00618,Jonathan Jacobson,399,3,26973.129999999997,1,2,2,122,5,Lost Customers
CUST-00619,Emily Wilson,26,22,460968.45,4,5,5,455,14,Champions
CUST-00621,Casey Hernandez,42,3,68803.35,4,2,3,423,9,New Customers
CUST-00622,Lisa Perry,106,1,4412.8,2,1,1,211,4,Lost Customers
CUST-00625,Shelley Miller,21,13,171070.16,4,4,4,444,12,Champions
CUST-00626,Unknown Customer,543,1,2463.18,1,1,1,111,3,Lost Customers
CUST-00627,Amy Kelley,81,9,116232.73,3,4,3,343,10,Loyal Customers
CUST-00628,Laura Hernandez,70,2,61443.92,3,1,3,313,7,Potential Loyalists
CUST-00629,Joseph Wilson,50,8,57831.81,3,4,3,343,10,Loyal Customers
CUST-00630,Kevin Davis,2,2,39444.64,5,1,2,512,8,New Customers
CUST-00631,Rhonda Chavez,46,4,27753.64,4,2,2,422,8,New Customers
CUST-00632,Joyce Brown,43,4,48169.909999999996,4,2,2,422,8,New Customers
CUST-00634,Robert Reese,83,4,26976.030000000002,3,2,2,322,7,Needs Attention
CUST-00635,Amber Cooper,177,3,63872.46,2,2,3,223,7,Needs Attention
CUST-00636,Zachary Michael,58,8,54118.4,3,4,2,342,9,Needs Attention
CUST-00637,Timothy Johnson,15,24,500714.97000000003,5,5,5,555,15,Champions
CUST-00638,Randy Cannon,127,6,58088.259999999995,2,3,3,233,8,At Risk
CUST-00640,Janet Kane DVM,361,1,20559.39,1,1,2,112,4,Lost Customers
CUST-00641,Michael Stanley,82,4,35604.59,3,2,2,322,7,Needs Attention
CUST-00642,Martha Bailey,102,5,18364.420000000002,2,3,1,231,6,Needs Attention
CUST-00643,Joshua Rice,27,2,9926.94,4,1,1,411,6,New Customers
CUST-00644,Courtney Smith,546,2,14201.65,1,1,1,111,3,Lost Customers
CUST-00645,Edwin Nunez,1,7,175925.72,5,3,4,534,12,Loyal Customers
CUST-00646,Kim Morrow,594,1,6208.09,1,1,1,111,3,Lost Customers
CUST-00647,Gregory Hill,171,9,53778.07,2,4,2,242,8,Needs Attention
CUST-00649,Jennifer Miranda,15,2,10529.11,5,1,1,511,7,New Customers
CUST-00650,Alexis Harris,40,9,78088.24,4,4,3,443,11,Loyal Customers
CUST-00651,Unknown Customer,88,11,58699.62,3,4,3,343,10,Loyal Customers
CUST-00652,Amber Yang,4,13,132452.46000000002,5,4,4,544,13,Champions
CUST-00653,David Robinson,512,2,9228.84,1,1,1,111,3,Lost Customers
CUST-00654,Amy Gordon,64,4,12010.74,3,2,1,321,6,Needs Attention
CUST-00655,Robert Dennis,1,14,226808.49000000002,5,5,4,554,14,Champions
CUST-00656,Kyle Chambers,19,14,242816.75,4,5,4,454,13,Champions
CUST-00657,Eric Thomas,18,7,292269.08,5,3,5,535,13,Loyal Customers
CUST-00659,Travis Hobbs,55,6,49559.67999999999,3,3,2,332,8,Needs Attention
CUST-00660,Lori Simmons,24,3,20615.39,4,2,2,422,8,New Customers
CUST-00662,Emma Butler,40,23,409444.51,4,5,5,455,14,Champions
CUST-00664,Samuel Turner,25,32,908756.92,4,5,5,455,14,Champions
CUST-00665,Renee Melendez,50,7,143314.13999999998,3,3,4,334,10,Loyal Customers
CUST-00666,Tracy Grant,379,2,16889.39,1,1,1,111,3,Lost Customers
CUST-00667,David Harris,92,6,155871.34,3,3,4,334,10,Loyal Customers
CUST-00668,Tammy Boone,19,16,356146.83999999997,4,5,5,455,14,Champions
CUST-00669,Nathaniel Lee,51,16,229664.46,3,5,4,354,12,Loyal Customers
CUST-00670,Michael Morrison,13,12,197295.0,5,4,4,544,13,Champions
CUST-00671,Chelsea Gill,3,5,62694.71,5,3,3,533,11,Loyal Customers
CUST-00672,Kristin Mendoza,20,5,32186.68,4,3,2,432,9,Needs Attention
CUST-00673,Felicia Krueger,94,13,163936.09,3,4,4,344,11,Loyal Customers
CUST-00674,Timothy Hayden,35,3,29305.73,4,2,2,422,8,New Customers
CUST-00675,Zachary Mendoza,256,5,27017.36,1,3,2,132,6,Needs Attention
CUST-00676,Larry Harris,109,4,27605.78,2,2,2,222,6,Lost Customers
CUST-00677,Kristen Rowe,12,66,1280446.07,5,5,5,555,15,Champions
CUST-00678,Joseph Howard,24,25,362903.07,4,5,5,455,14,Champions
CUST-00679,Jose Crawford,43,2,108108.63,4,1,3,413,8,New Customers
CUST-00680,William Harrison,58,7,85138.89000000001,3,3,3,333,9,Loyal Customers
CUST-00681,Suzanne Wood,5,26,417276.02,5,5,5,555,15,Champions
CUST-00682,Justin Walker,236,5,61879.9,2,3,3,233,8,At Risk
CUST-00683,Dean Donovan,35,8,188722.11,4,4,4,444,12,Champions
CUST-00684,Jennifer Hernandez,18,27,525430.6,5,5,5,555,15,Champions
CUST-00685,James Whitaker,76,3,34422.21,3,2,2,322,7,Needs Attention
CUST-00686,Mr. Michael Scott PhD,137,8,123109.87,2,4,4,244,10,At Risk
CUST-00687,Maria Henry,158,2,45854.31,2,1,2,212,5,Lost Customers
CUST-00688,Robert Jackson,1,29,365548.31,5,5,5,555,15,Champions
CUST-00689,Katherine Stark,54,26,475574.24,3,5,5,355,13,Loyal Customers
CUST-00690,Maria Brown,17,26,289156.58,5,5,5,555,15,Champions
CUST-00691,Ryan Landry,56,5,40716.39,3,3,2,332,8,Needs Attention
CUST-00692,Pamela Gutierrez,58,16,155955.04,3,5,4,354,12,Loyal Customers
CUST-00693,Crystal Mann,7,17,315244.76,5,5,5,555,15,Champions
CUST-00694,Jonathan Brooks,367,3,9500.03,1,2,1,121,4,Lost Customers
CUST-00695,Mary Jensen,19,13,161470.2,4,4,4,444,12,Champions
CUST-00696,Mr. Aaron Arnold,281,2,5985.7,1,1,1,111,3,Lost Customers
CUST-00697,Joseph Hill,305,2,35915.64,1,1,2,112,4,Lost Customers
CUST-00698,Alicia Li,63,3,50725.59,3,2,2,322,7,Needs Attention
CUST-00699,Renee Browning,112,2,7454.42,2,1,1,211,4,Lost Customers
CUST-00700,Brent Hernandez,84,2,9316.07,3,1,1,311,5,Needs Attention
CUST-00701,Joseph Ochoa,40,8,112866.56,4,4,3,443,11,Loyal Customers
CUST-00702,James Watson,461,3,71595.9,1,2,3,123,6,Needs Attention
CUST-00703,Karl Branch,32,9,357731.10000000003,4,4,5,445,13,Champions
CUST-00704,Michael Abbott,272,2,5913.34,1,1,1,111,3,Lost Customers
CUST-00705,Shannon Malone,279,2,13468.2,1,1,1,111,3,Lost Customers
CUST-00706,James Tran,236,6,225292.22,2,3,4,234,9,At Risk
CUST-00707,Adam Jackson,45,9,172504.2,4,4,4,444,12,Champions
CUST-00708,Mr. Richard Knight PhD,268,2,19135.21,1,1,1,111,3,Lost Customers
CUST-00709,Joseph Williams,20,7,50987.17999999999,4,3,2,432,9,Needs Attention
CUST-00710,Sean Clay,33,17,358163.83,4,5,5,455,14,Champions
CUST-00711,Anthony Jones,252,5,75368.29000000001,1,3,3,133,7,At Risk
CUST-00712,Stephanie Elliott,87,1,679.17,3,1,1,311,5,Needs Attention
CUST-00714,Laurie Goodwin,21,18,442722.94,4,5,5,455,14,Champions
CUST-00715,Jennifer Jones,251,1,9823.25,1,1,1,111,3,Lost Customers
CUST-00716,David Davenport,17,26,239734.84,5,5,4,554,14,Champions
CUST-00717,Steven Rivera,76,6,153086.13,3,3,4,334,10,Loyal Customers
CUST-00718,Brenda Hinton,54,32,484306.88,3,5,5,355,13,Loyal Customers
CUST-00719,Kathryn Mccann,14,9,138824.17,5,4,4,544,13,Champions
CUST-00720,Jeffrey Roberson,1,170,2478198.21,5,5,5,555,15,Champions
CUST-00721,Randy Friedman,703,1,2135.77,1,1,1,111,3,Lost Customers
CUST-00722,Raymond Johnson,10,9,84422.98,5,4,3,543,12,Loyal Customers
CUST-00723,Willie Henry,73,6,93704.34999999999,3,3,3,333,9,Loyal Customers
CUST-00724,Todd Reynolds,63,3,90704.56,3,2,3,323,8,Potential Loyalists
CUST-00725,Mary Miller,141,6,95207.54,2,3,3,233,8,At Risk
CUST-00726,Rebecca Marquez,5,14,357721.68,5,5,5,555,15,Champions
CUST-00727,Christian Dawson,8,67,1404527.0,5,5,5,555,15,Champions
CUST-00728,Nancy Stewart,35,16,297003.46,4,5,5,455,14,Champions
CUST-00729,Aaron Parker,50,9,115948.64,3,4,3,343,10,Loyal Customers
CUST-00731,Jerry Peters,169,10,113199.48999999999,2,4,3,243,9,At Risk
CUST-00732,Alexander Gomez,52,1,1650.72,3,1,1,311,5,Needs Attention
CUST-00733,Kyle Nguyen,588,1,2004.18,1,1,1,111,3,Lost Customers
CUST-00734,Edgar Hughes,24,2,8709.529999999999,4,1,1,411,6,New Customers
CUST-00735,Steven Stein,19,3,31473.11,4,2,2,422,8,New Customers
CUST-00736,Laura Jackson,115,3,27726.14,2,2,2,222,6,Lost Customers
CUST-00737,Charles Turner,28,5,29860.77,4,3,2,432,9,Needs Attention
CUST-00738,Arthur Hamilton MD,231,3,110933.69,2,2,3,223,7,Needs Attention
CUST-00739,Mr. David Wright,238,1,1710.03,2,1,1,211,4,Lost Customers
CUST-00740,Linda Gonzalez,4,75,1166626.13,5,5,5,555,15,Champions
CUST-00741,Eric Rush,156,4,18108.82,2,2,1,221,5,Lost Customers
CUST-00742,Manuel Brock,106,2,4014.2999999999997,2,1,1,211,4,Lost Customers
CUST-00743,George Ochoa,71,11,177067.61,3,4,4,344,11,Loyal Customers
CUST-00745,Travis Harris,10,33,444089.12,5,5,5,555,15,Champions
CUST-00746,Vincent Novak,66,9,51468.65,3,4,2,342,9,Needs Attention
CUST-00747,Michael Henry,205,3,27928.7,2,2,2,222,6,Lost Customers
CUST-00748,Dana Bennett,167,4,53273.86,2,2,2,222,6,Lost Customers
CUST-00749,Jenna Wilson,8,14,431710.62999999995,5,5,5,555,15,Champions
CUST-00750,Leslie Gardner,6,37,688875.49,5,5,5,555,15,Champions
CUST-00751,Krista Benton,166,2,95125.66,2,1,3,213,6,Needs Attention
CUST-00752,Michael Gonzales,44,4,84205.04000000001,4,2,3,423,9,New Customers
CUST-00754,Jennifer Porter,7,74,1179432.1,5,5,5,555,15,Champions
CUST-00755,Dana Hopkins,234,3,90324.62000000001,2,2,3,223,7,Needs Attention
CUST-00756,Rachel Jones,23,27,385518.88,4,5,5,455,14,Champions
CUST-00757,Karen Morales DDS,55,7,116685.26,3,3,3,333,9,Loyal Customers
CUST-00758,Melissa Stephens,191,5,47343.880000000005,2,3,2,232,7,Needs Attention
CUST-00759,Heather Woodard,267,7,37515.05,1,3,2,132,6,Needs Attention
CUST-00760,Margaret Miller,87,5,272723.02999999997,3,3,5,335,11,Loyal Customers
CUST-00763,Jennifer Goodwin,448,1,1522.04,1,1,1,111,3,Lost Customers
CUST-00764,Jessica Smith,5,13,156711.94,5,4,4,544,13,Champions
CUST-00765,Jorge Stone,45,6,95210.24,4,3,3,433,10,Loyal Customers
CUST-00766,Laura Griffin,402,3,107256.29000000001,1,2,3,123,6,Needs Attention
CUST-00767,Raymond Chapman,5,41,625355.14,5,5,5,555,15,Champions
CUST-00768,Haley Johnson,21,20,253532.85,4,5,5,455,14,Champions
CUST-00769,Jason Nixon,20,22,377606.39,4,5,5,455,14,Champions
CUST-00770,Todd Thomas,1,120,2048956.11,5,5,5,555,15,Champions
CUST-00771,Jesse Clark,127,2,13304.21,2,1,1,211,4,Lost Customers
CUST-00772,Mr. Jeffrey Horton,3,6,131662.41999999998,5,3,4,534,12,Loyal Customers
CUST-00773,Eric Patrick,40,14,185963.78,4,5,4,454,13,Champions
CUST-00774,Samuel Wong,68,5,27718.08,3,3,2,332,8,Needs Attention
CUST-00775,Carly Riggs,432,3,10077.23,1,2,1,121,4,Lost Customers
CUST-00776,Christopher Moore,11,19,383088.34,5,5,5,555,15,Champions
CUST-00778,Cody Davidson,317,3,6913.28,1,2,1,121,4,Lost Customers
CUST-00779,Allen Mendez,27,7,145752.26,4,3,4,434,11,Loyal Customers
CUST-00780,Kevin Price,19,11,195375.91,4,4,4,444,12,Champions
CUST-00781,Christine Goodwin,155,7,104413.29,2,3,3,233,8,At Risk
CUST-00782,Amy Garcia,406,1,68643.44,1,1,3,113,5,Needs Attention
CUST-00783,Chelsea Nguyen,10,21,230892.03,5,5,4,554,14,Champions
CUST-00784,Dennis Huffman,336,1,1622.98,1,1,1,111,3,Lost Customers
CUST-00785,Margaret Harper,358,1,9907.48,1,1,1,111,3,Lost Customers
CUST-00786,Laurie Bailey,78,16,298280.87,3,5,5,355,13,Loyal Customers
CUST-00787,Lisa Cervantes,22,36,885346.52,4,5,5,455,14,Champions
CUST-00788,Elizabeth Mendez,8,12,509532.44999999995,5,4,5,545,14,Champions
CUST-00789,Cesar Wilson,48,11,173464.32,3,4,4,344,11,Loyal Customers
CUST-00790,Clayton Steele,17,6,57947.619999999995,5,3,3,533,11,Loyal Customers
CUST-00791,Jennifer Taylor,687,1,519.08,1,1,1,111,3,Lost Customers
CUST-00793,Maria Cooke,187,2,8775.13,2,1,1,211,4,Lost Customers
CUST-00794,Katherine Taylor,312,2,18795.64,1,1,1,111,3,Lost Customers
CUST-00795,Jerry Brown,78,4,28047.98,3,2,2,322,7,Needs Attention
CUST-00796,Adam Taylor,123,8,52335.659999999996,2,4,2,242,8,Needs Attention
CUST-00797,Tracey Wagner,3,10,419966.57,5,4,5,545,14,Champions
CUST-00799,Bradley Johnson DDS,366,1,7058.52,1,1,1,111,3,Lost Customers
CUST-00800,Donald Medina,141,11,95342.46,2,4,3,243,9,At Risk
CUST-00801,Jim Newton,527,1,46549.24,1,1,2,112,4,Lost Customers
CUST-00802,Krista Wilson,3,16,182314.4,5,5,4,554,14,Champions
CUST-00803,Reginald Morrow,163,5,58822.15,2,3,3,233,8,At Risk
CUST-00804,Rodney Williams,106,5,129908.29,2,3,4,234,9,At Risk
CUST-00805,Kimberly Fritz,2,8,77808.35,5,4,3,543,12,Loyal Customers
CUST-00806,Ronald Potter,6,7,70100.87,5,3,3,533,11,Loyal Customers
CUST-00807,Zachary Cole,5,4,124653.12000000001,5,2,4,524,11,New Customers
CUST-00808,Robert Gonzales,100,10,46353.24,2,4,2,242,8,Needs Attention
CUST-00809,Patricia Young PhD,49,8,213531.53,3,4,4,344,11,Loyal Customers
CUST-00810,Heather Page,221,1,5885.46,2,1,1,211,4,Lost Customers
CUST-00811,Carol Taylor,32,18,226427.34,4,5,4,454,13,Champions
CUST-00812,Daniel Brown,39,13,212257.81,4,4,4,444,12,Champions
CUST-00813,Douglas Ryan,68,8,58326.67,3,4,3,343,10,Loyal Customers
CUST-00814,Michael Roberts,15,15,256649.43,5,5,5,555,15,Champions
CUST-00815,Scott Duke,38,12,207334.73,4,4,4,444,12,Champions
CUST-00816,Anna Estes,105,7,163551.86000000002,2,3,4,234,9,At Risk
CUST-00817,Tamara Riddle,2,16,221940.15,5,5,4,554,14,Champions
CUST-00818,Beth Cline,40,8,75274.77,4,4,3,443,11,Loyal Customers
CUST-00819,Michael Poole,87,7,36477.94,3,3,2,332,8,Needs Attention
CUST-00820,Megan Burns,308,2,9367.25,1,1,1,111,3,Lost Customers
CUST-00821,Debra Perry,73,7,49576.96,3,3,2,332,8,Needs Attention
CUST-00822,Mark Beard,12,1,13316.14,5,1,1,511,7,New Customers
CUST-00823,Jose Ramirez,4,19,399674.47,5,5,5,555,15,Champions
CUST-00824,Jackie Clements,19,18,214524.65000000002,4,5,4,454,13,Champions
CUST-00825,Aaron Schroeder,48,1,81806.82,3,1,3,313,7,Potential Loyalists
CUST-00826,Monica Ellis,4,18,279034.14,5,5,5,555,15,Champions
CUST-00827,Heather Brown,163,3,32936.69,2,2,2,222,6,Lost Customers
CUST-00828,Claudia Jordan,234,4,84054.83,2,2,3,223,7,Needs Attention
CUST-00829,Derrick Clayton,42,3,66363.23,4,2,3,423,9,New Customers
CUST-00830,Kenneth Knight,12,2,7663.589999999999,5,1,1,511,7,New Customers
CUST-00831,Mr. Michael Williams,34,9,52532.0,4,4,2,442,10,Needs Attention
CUST-00832,Richard Stevens,52,19,289403.17,3,5,5,355,13,Loyal Customers
CUST-00833,Scott Alexander,68,6,46271.68,3,3,2,332,8,Needs Attention
CUST-00834,Tyler Harris,7,1,4294.79,5,1,1,511,7,New Customers
CUST-00836,Timothy Hill,34,11,183755.97,4,4,4,444,12,Champions
CUST-00837,Danielle Watson,10,60,862499.33,5,5,5,555,15,Champions
CUST-00838,Carol Sanders,34,9,60412.44,4,4,3,443,11,Loyal Customers
CUST-00839,Michael Young,80,3,174189.74,3,2,4,324,9,Potential Loyalists
CUST-00840,Michele Smith,141,2,23193.8,2,1,2,212,5,Lost Customers
CUST-00841,Casey Perez,48,8,415994.74,3,4,5,345,12,Loyal Customers
CUST-00842,Alexandra Dominguez,45,14,301080.4,4,5,5,455,14,Champions
CUST-00843,Virginia Henderson,186,2,7478.0599999999995,2,1,1,211,4,Lost Customers
CUST-00844,Benjamin Reyes,7,11,80782.22,5,4,3,543,12,Loyal Customers
CUST-00845,Ashley Edwards,662,1,1475.54,1,1,1,111,3,Lost Customers
CUST-00846,Breanna Ayala,23,33,894171.6900000001,4,5,5,455,14,Champions
CUST-00847,Brandi Haney,441,2,15445.84,1,1,1,111,3,Lost Customers
CUST-00848,Joseph Smith,45,6,113161.89,4,3,3,433,10,Loyal Customers
CUST-00849,Jessica Bowen,19,28,591226.8099999999,4,5,5,455,14,Champions
CUST-00851,Shannon Miller,4,24,325318.47000000003,5,5,5,555,15,Champions
CUST-00852,Paul Lawrence,232,9,146977.71,2,4,4,244,10,At Risk
CUST-00853,Victor Edwards,11,2,2876.32,5,1,1,511,7,New Customers
CUST-00854,Donald Miller,34,3,18438.63,4,2,1,421,7,New Customers
CUST-00855,Lindsay Lawson,221,5,58295.72,2,3,3,233,8,At Risk
CUST-00856,Melissa Abbott,539,2,27099.870000000003,1,1,2,112,4,Lost Customers
CUST-00857,Elizabeth Holmes,78,6,39609.56,3,3,2,332,8,Needs Attention
CUST-00858,Nicole Phillips,139,2,69576.09,2,1,3,213,6,Needs Attention
CUST-00859,Steven Blevins,380,3,76139.98000000001,1,2,3,123,6,Needs Attention
CUST-00860,Brian Porter MD,492,1,29373.26,1,1,2,112,4,Lost Customers
CUST-00861,Vanessa Hatfield,144,14,368995.36,2,5,5,255,12,At Risk
CUST-00862,Bonnie Valencia,104,36,836391.25,2,5,5,255,12,At Risk
CUST-00863,Holly Vega,17,53,1036522.1900000001,5,5,5,555,15,Champions
CUST-00864,Tiffany Townsend,312,7,105284.97,1,3,3,133,7,At Risk
CUST-00865,Austin Baker,278,3,60878.13,1,2,3,123,6,Needs Attention
CUST-00866,Antonio Mccormick,63,15,415929.25,3,5,5,355,13,Loyal Customers
CUST-00867,Lori Mason,64,2,11304.67,3,1,1,311,5,Needs Attention
CUST-00868,Michael Miller,342,2,38677.73,1,1,2,112,4,Lost Customers
CUST-00869,Lisa Ramirez,581,2,6314.280000000001,1,1,1,111,3,Lost Customers
CUST-00870,Jorge Harris,44,4,21539.53,4,2,2,422,8,New Customers
CUST-00871,Kimberly Myers,33,7,31498.53,4,3,2,432,9,Needs Attention
CUST-00872,Sandra Becker,160,10,75852.06,2,4,3,243,9,At Risk
CUST-00873,Michael Blair,5,4,30038.250000000004,5,2,2,522,9,New Customers
CUST-00874,Amy Miller,194,3,39178.55,2,2,2,222,6,Lost Customers
CUST-00875,Jesse Lynch,4,160,2781829.34,5,5,5,555,15,Champions
CUST-00876,Patrick Yang,58,4,21083.39,3,2,2,322,7,Needs Attention
CUST-00877,Michael Miles,71,3,75190.88,3,2,3,323,8,Potential Loyalists
CUST-00878,Troy Mills,19,1,2631.21,4,1,1,411,6,New Customers
CUST-00879,Michelle Jackson,75,11,262090.5,3,4,5,345,12,Loyal Customers
CUST-00880,Richard Adams,11,11,114855.39,5,4,3,543,12,Loyal Customers
CUST-00881,Patricia Johnson,6,4,37485.59,5,2,2,522,9,New Customers
CUST-00883,Laura Jones,40,9,120152.2,4,4,4,444,12,Champions
CUST-00884,Ian Porter,51,3,23582.64,3,2,2,322,7,Needs Attention
CUST-00885,Holly Scott,534,2,203055.53,1,1,4,114,6,Needs Attention
CUST-00886,Kenneth Sharp,11,36,354886.57,5,5,5,555,15,Champions
CUST-00888,Dana Ruiz,32,2,51081.74,4,1,2,412,7,New Customers
CUST-00889,Chris Velazquez,23,22,338232.57,4,5,5,455,14,Champions
CUST-00890,Kristen Sloan,558,1,38244.67,1,1,2,112,4,Lost Customers
CUST-00891,Jennifer Morris,52,4,25945.45,3,2,2,322,7,Needs Attention
CUST-00892,Nathan Nelson,167,4,39255.1,2,2,2,222,6,Lost Customers
CUST-00893,Jake Shaw,1,5,32008.12,5,3,2,532,10,Needs Attention
CUST-00894,Cassie Brock,19,61,1187751.01,4,5,5,455,14,Champions
CUST-00895,Dr. Andrea Marshall,219,1,10432.65,2,1,1,211,4,Lost Customers
CUST-00896,Ryan Murphy,13,24,452646.92000000004,5,5,5,555,15,Champions
CUST-00897,Aimee Gonzalez,173,1,3562.99,2,1,1,211,4,Lost Customers
CUST-00898,Elizabeth Dean,35,4,7829.48,4,2,1,421,7,New Customers
CUST-00899,Kevin Snyder,597,1,11290.39,1,1,1,111,3,Lost Customers
CUST-00900,Christie Mccullough,36,6,85082.73,4,3,3,433,10,Loyal Customers
CUST-00901,Danielle Smith,85,5,155146.06999999998,3,3,4,334,10,Loyal Customers
CUST-00902,David Reed,9,11,299148.74,5,4,5,545,14,Champions
CUST-00904,Matthew Sweeney,7,45,460905.47000000003,5,5,5,555,15,Champions
CUST-00905,Ashley Moreno,306,1,73039.82,1,1,3,113,5,Needs Attention
CUST-00906,Johnathan Brown,7,21,354325.71,5,5,5,555,15,Champions
CUST-00907,Michelle Davis DVM,49,5,68380.59,3,3,3,333,9,Loyal Customers
CUST-00908,Kelly Haynes,15,14,232435.94999999998,5,5,4,554,14,Champions
CUST-00909,William Miller,46,15,283796.99,4,5,5,455,14,Champions
CUST-00910,Casey Wilkins,40,7,84221.14,4,3,3,433,10,Loyal Customers
CUST-00911,Keith Graham,16,7,29230.260000000002,5,3,2,532,10,Needs Attention
CUST-00912,Cynthia Green,73,2,8760.24,3,1,1,311,5,Needs Attention
CUST-00914,Emily Nelson,20,30,555483.38,4,5,5,455,14,Champions
CUST-00915,Dale Chan,1,8,111443.94,5,4,3,543,12,Loyal Customers
CUST-00916,Brittney Martin,281,10,285931.23,1,4,5,145,10,At Risk
CUST-00917,Jason Herrera,405,2,5869.89,1,1,1,111,3,Lost Customers
CUST-00918,Christine Parker,54,3,48026.43,3,2,2,322,7,Needs Attention
CUST-00919,Bryan Moore,134,3,39173.439999999995,2,2,2,222,6,Lost Customers
CUST-00920,Samantha Terry,233,5,228197.71000000002,2,3,4,234,9,At Risk
CUST-00921,Russell Murphy,303,2,31349.370000000003,1,1,2,112,4,Lost Customers
CUST-00922,David Kelly,288,3,39799.740000000005,1,2,2,122,5,Lost Customers
CUST-00923,Megan Green,216,5,106374.04999999999,2,3,3,233,8,At Risk
CUST-00924,Amanda Sullivan MD,313,1,29373.26,1,1,2,112,4,Lost Customers
CUST-00925,Danielle Murray,119,10,98012.87,2,4,3,243,9,At Risk
CUST-00926,Brenda Smith,145,2,26924.89,2,1,2,212,5,Lost Customers
CUST-00927,Vickie Anderson,26,16,278014.79,4,5,5,455,14,Champions
CUST-00928,Jacqueline Mccoy,221,3,65686.55,2,2,3,223,7,Needs Attention
CUST-00929,Lauren Green,330,5,67315.18,1,3,3,133,7,At Risk
CUST-00930,Alison Brown,331,1,28978.42,1,1,2,112,4,Lost Customers
CUST-00931,Jill Anderson,260,2,5387.71,1,1,1,111,3,Lost Customers
CUST-00932,Sandra Rivera,342,4,26401.2,1,2,2,122,5,Lost Customers
CUST-00934,Samantha Foster,4,8,114210.62,5,4,3,543,12,Loyal Customers
CUST-00935,Michael Thompson,85,3,83631.55,3,2,3,323,8,Potential Loyalists
CUST-00936,Cody Ramirez,23,9,149986.55,4,4,4,444,12,Champions
CUST-00937,Amanda Harvey,16,10,134505.8,5,4,4,544,13,Champions
CUST-00938,Edward Jenkins,131,11,85801.11,2,4,3,243,9,At Risk
CUST-00939,Amy Ramirez,287,1,19543.13,1,1,1,111,3,Lost Customers
CUST-00940,Curtis Wilkerson,21,4,109313.43,4,2,3,423,9,New Customers
CUST-00942,Virginia Casey,460,1,19252.16,1,1,1,111,3,Lost Customers
CUST-00943,Joshua Washington,9,76,2104954.1,5,5,5,555,15,Champions
CUST-00944,Kathryn Price,195,2,77855.19,2,1,3,213,6,Needs Attention
CUST-00945,Francis Robinson,70,4,160560.76,3,2,4,324,9,Potential Loyalists
CUST-00946,Paula Brown,236,5,116113.59000000001,2,3,3,233,8,At Risk
CUST-00947,Kendra Wang DVM,18,9,102906.81999999999,5,4,3,543,12,Loyal Customers
CUST-00948,Ariel Sandoval,36,8,175673.91999999998,4,4,4,444,12,Champions
CUST-00949,Robert Stark,69,3,95786.91,3,2,3,323,8,Potential Loyalists
CUST-00950,Zachary Robinson,206,4,65238.119999999995,2,2,3,223,7,Needs Attention
CUST-00951,Rebecca Kelly,139,4,32733.61,2,2,2,222,6,Lost Customers
CUST-00953,Renee Wolfe,80,4,6848.56,3,2,1,321,6,Needs Attention
CUST-00954,Alyssa Haynes,286,1,24707.87,1,1,2,112,4,Lost Customers
CUST-00955,Kristy Hart,710,1,569.62,1,1,1,111,3,Lost Customers
CUST-00956,William Keith,430,1,2970.93,1,1,1,111,3,Lost Customers
CUST-00958,Daniel Fox,36,5,86555.89,4,3,3,433,10,Loyal Customers
CUST-00959,Thomas Harris,101,8,190846.47,2,4,4,244,10,At Risk
CUST-00960,Mitchell Sellers,9,14,277245.01,5,5,5,555,15,Champions
CUST-00961,Erica Johnson,9,5,81589.16999999998,5,3,3,533,11,Loyal Customers
CUST-00962,Sylvia Schroeder,491,1,1641.75,1,1,1,111,3,Lost Customers
CUST-00964,Tom Foster,11,12,154400.05,5,4,4,544,13,Champions
CUST-00965,Eric Taylor,71,11,348767.28,3,4,5,345,12,Loyal Customers
CUST-00967,Marie Thompson,50,17,295212.17,3,5,5,355,13,Loyal Customers
CUST-00968,Melissa Mcfarland,476,3,14853.49,1,2,1,121,4,Lost Customers
CUST-00969,Courtney Chapman,35,7,245713.05,4,3,4,434,11,Loyal Customers
CUST-00970,Eric Barker,199,8,93456.66,2,4,3,243,9,At Risk
CUST-00971,Nicholas Rush,33,22,445941.92,4,5,5,455,14,Champions
CUST-00972,Jenna Gamble,145,11,408686.84382431477,2,4,5,245,11,At Risk
CUST-00973,Amanda Guzman,88,11,393742.74,3,4,5,345,12,Loyal Customers
CUST-00974,Tracy Walker,688,1,11104.54,1,1,1,111,3,Lost Customers
CUST-00975,Taylor Taylor,13,12,198763.8,5,4,4,544,13,Champions
CUST-00977,Stephen Davis,16,24,260079.74,5,5,5,555,15,Champions
CUST-00978,Margaret Tanner,103,3,70451.6,2,2,3,223,7,Needs Attention
CUST-00979,Derek Wright,31,11,274718.02,4,4,5,445,13,Champions
CUST-00980,David Rodriguez,68,7,101415.08,3,3,3,333,9,Loyal Customers
CUST-00981,James Oconnor,8,8,243277.09999999998,5,4,4,544,13,Champions
CUST-00982,Stacey Snyder,132,6,165230.87,2,3,4,234,9,At Risk
CUST-00983,Joshua Garcia,65,6,94887.79000000001,3,3,3,333,9,Loyal Customers
CUST-00984,Sean Curtis,44,1,10733.83,4,1,1,411,6,New Customers
CUST-00986,Elizabeth Flores,49,6,154359.63,3,3,4,334,10,Loyal Customers
CUST-00987,Angela Jackson,68,2,60833.92999999999,3,1,3,313,7,Potential Loyalists
CUST-00988,Nicholas Payne,26,21,395698.64,4,5,5,455,14,Champions
CUST-00989,Anna Wheeler,139,2,7499.21,2,1,1,211,4,Lost Customers
CUST-00990,Karen Johnson,15,54,926992.49,5,5,5,555,15,Champions
CUST-00992,Brian Harris,67,2,99211.36,3,1,3,313,7,Potential Loyalists
CUST-00993,Michael Bowen,63,15,223535.93,3,5,4,354,12,Loyal Customers
CUST-00994,Deborah Campbell,58,10,38658.7,3,4,2,342,9,Needs Attention
CUST-00995,Anthony Armstrong,54,5,5602.0,3,3,1,331,7,Needs Attention
CUST-00996,Brittany Ward,110,8,147574.47,2,4,4,244,10,At Risk
CUST-00997,Edward Stanley,86,9,102297.64,3,4,3,343,10,Loyal Customers
CUST-00998,Christina Johnson,247,2,12120.800000000001,1,1,1,111,3,Lost Customers
CUST-00999,Edgar Miller,1,150,2758962.29,5,5,5,555,15,Champions
CUST-01000,Elizabeth Sanders,75,40,525796.43,3,5,5,355,13,Loyal Customers
CUST-01001,Matthew Davis MD,250,2,2445.6699999999996,1,1,1,111,3,Lost Customers
CUST-01002,Stephen Wood,15,1,10518.23,5,1,1,511,7,New Customers
CUST-01003,Dennis Marshall,38,12,166792.93,4,4,4,444,12,Champions
CUST-01006,Unknown Customer,289,3,34151.08,1,2,2,122,5,Lost Customers
CUST-01007,Kristen Randall,77,5,200899.24999999997,3,3,4,334,10,Loyal Customers
CUST-01008,Jennifer Nichols,56,18,391541.75,3,5,5,355,13,Loyal Customers
CUST-01009,Karen Keith,96,7,293253.41000000003,3,3,5,335,11,Loyal Customers
CUST-01010,Blake Orr,47,14,378040.49,4,5,5,455,14,Champions
CUST-01011,Kathryn Lester,115,8,56175.84,2,4,2,242,8,Needs Attention
CUST-01012,Megan Oliver,217,2,16134.67,2,1,1,211,4,Lost Customers
CUST-01013,Peter Thompson,80,8,176089.91,3,4,4,344,11,Loyal Customers
CUST-01014,Dr. Rhonda Martinez,12,61,613879.39,5,5,5,555,15,Champions
CUST-01016,Lori Flowers MD,49,27,381831.62,3,5,5,355,13,Loyal Customers
CUST-01017,Suzanne Jones,71,9,160107.54,3,4,4,344,11,Loyal Customers
CUST-01018,James Nguyen,115,6,152264.97999999998,2,3,4,234,9,At Risk
CUST-01019,Jimmy Marks,31,12,236865.06,4,4,4,444,12,Champions
CUST-01020,Lisa Mills,57,5,81505.45999999999,3,3,3,333,9,Loyal Customers
CUST-01021,Jason Hernandez,7,17,395289.39,5,5,5,555,15,Champions
CUST-01022,Olivia Ayers,4,26,613405.95,5,5,5,555,15,Champions
CUST-01023,Kristine Garcia,71,4,38632.71,3,2,2,322,7,Needs Attention
CUST-01024,Joseph Cooper,573,2,10212.68,1,1,1,111,3,Lost Customers
CUST-01025,James Washington,108,5,77281.46,2,3,3,233,8,At Risk
CUST-01026,Amanda Hill,14,27,728102.43,5,5,5,555,15,Champions
CUST-01027,Lee Steele,50,1,14866.02,3,1,1,311,5,Needs Attention
CUST-01028,Steve Rivera,52,6,50813.159999999996,3,3,2,332,8,Needs Attention
CUST-01029,Patrick Mccall,137,7,61879.52,2,3,3,233,8,At Risk
CUST-01030,Alicia Roth,101,11,226296.1,2,4,4,244,10,At Risk
CUST-01031,Douglas Vasquez,224,2,92387.34000000001,2,1,3,213,6,Needs Attention
CUST-01032,Annette Melton,80,8,88759.42,3,4,3,343,10,Loyal Customers
CUST-01033,William Ramos,15,24,627841.97,5,5,5,555,15,Champions
CUST-01034,Debra Butler,464,2,34619.38,1,1,2,112,4,Lost Customers
CUST-01035,Chelsea Lewis,659,1,2219.53,1,1,1,111,3,Lost Customers
CUST-01036,Natalie Malone,8,60,1230357.33,5,5,5,555,15,Champions
CUST-01037,Samantha Robertson,277,1,2920.28,1,1,1,111,3,Lost Customers
CUST-01038,Eric Hunter,37,18,113262.49,4,5,3,453,12,Loyal Customers
CUST-01039,Samuel Suarez,146,4,56537.770000000004,2,2,2,222,6,Lost Customers
CUST-01040,Corey Whitaker,603,1,6537.87,1,1,1,111,3,Lost Customers
CUST-01041,Danielle Bryant,165,18,103688.26,2,5,3,253,10,At Risk
CUST-01042,Michele Hill,150,5,46602.479999999996,2,3,2,232,7,Needs Attention
CUST-01043,Kathy Reid,205,6,114700.6,2,3,3,233,8,At Risk
CUST-01044,Andre Watson,88,4,37925.59,3,2,2,322,7,Needs Attention
CUST-01045,Cassandra Harrell,384,3,66552.95999999999,1,2,3,123,6,Needs Attention
CUST-01046,Hannah Martin,313,3,25934.18,1,2,2,122,5,Lost Customers
CUST-01047,Nicole Barker,85,6,64594.920000000006,3,3,3,333,9,Loyal Customers
CUST-01048,James Martin,2,48,970028.51,5,5,5,555,15,Champions
CUST-01049,Traci Vincent,198,1,23442.18,2,1,2,212,5,Lost Customers
CUST-01050,Megan Adams,51,9,369264.8,3,4,5,345,12,Loyal Customers
CUST-01051,Alejandro Deleon,53,4,24909.93,3,2,2,322,7,Needs Attention
CUST-01052,Alexa Buck,1,14,334007.88,5,5,5,555,15,Champions
CUST-01053,Lindsay Smith,389,1,6403.97,1,1,1,111,3,Lost Customers
CUST-01054,Robert Torres,6,51,1001959.83,5,5,5,555,15,Champions
CUST-01055,Maria Coleman,2,6,215348.03,5,3,4,534,12,Loyal Customers
CUST-01056,Gregory King,352,3,238991.57,1,2,4,124,7,Needs Attention
CUST-01058,Brian Hunt,503,1,940.88,1,1,1,111,3,Lost Customers
CUST-01059,Sarah Brooks,155,4,58560.16,2,2,3,223,7,Needs Attention
CUST-01060,Lisa Evans,45,4,35049.86,4,2,2,422,8,New Customers
CUST-01061,Arthur Mcneil,33,19,268506.18,4,5,5,455,14,Champions
CUST-01062,Shannon Green,28,3,23269.56,4,2,2,422,8,New Customers
CUST-01063,Stephanie Evans,94,3,9249.369999999999,3,2,1,321,6,Needs Attention
CUST-01064,Ralph Yoder,86,5,235971.71,3,3,4,334,10,Loyal Customers
CUST-01065,Unknown Customer,38,5,61610.58,4,3,3,433,10,Loyal Customers
CUST-01067,Yolanda Green,154,2,13439.55,2,1,1,211,4,Lost Customers
CUST-01069,Laura Lee,19,9,71491.94,4,4,3,443,11,Loyal Customers
CUST-01070,Courtney Nichols,37,3,63421.05,4,2,3,423,9,New Customers
CUST-01071,Susan Powers,82,7,34073.42,3,3,2,332,8,Needs Attention
CUST-01072,Sarah Pittman,34,16,202787.04,4,5,4,454,13,Champions
CUST-01073,Catherine Davis,39,16,160681.85,4,5,4,454,13,Champions
CUST-01074,David Stokes,102,6,86859.34602341744,2,3,3,233,8,At Risk
CUST-01075,Catherine Frazier,6,19,343785.02999999997,5,5,5,555,15,Champions
CUST-01076,Brandon Kelly,397,2,23234.960000000003,1,1,2,112,4,Lost Customers
CUST-01077,Elizabeth French,502,2,4320.54,1,1,1,111,3,Lost Customers
CUST-01078,David Carter,96,4,25467.33,3,2,2,322,7,Needs Attention
CUST-01080,Terry Jones,37,7,103238.47,4,3,3,433,10,Loyal Customers
CUST-01081,Kathryn Dillon,4,29,433991.8,5,5,5,555,15,Champions
CUST-01083,Brenda Gonzalez,17,3,8196.43,5,2,1,521,8,New Customers
CUST-01084,Keith Knox,319,3,21737.59,1,2,2,122,5,Lost Customers
CUST-01085,Eugene Baldwin,18,31,796147.0,5,5,5,555,15,Champions
CUST-01086,Katherine Welch,50,4,14444.96,3,2,1,321,6,Needs Attention
CUST-01087,Mark Smith,406,4,49361.200000000004,1,2,2,122,5,Lost Customers
CUST-01088,Philip Jackson,331,1,11168.5,1,1,1,111,3,Lost Customers
CUST-01089,Katherine Gallagher,726,1,2262.31,1,1,1,111,3,Lost Customers
CUST-01090,Lucas Schultz,15,79,1572697.2846010835,5,5,5,555,15,Champions
CUST-01091,Vincent Reyes,12,39,581067.63,5,5,5,555,15,Champions
CUST-01093,Frank Whitaker,25,37,743688.22,4,5,5,455,14,Champions
CUST-01094,Michael Sims,26,5,140293.47,4,3,4,434,11,Loyal Customers
CUST-01095,Michael Cooper,20,21,596482.41,4,5,5,455,14,Champions
CUST-01096,James Chapman,234,1,4016.6,2,1,1,211,4,Lost Customers
CUST-01097,Rodney Evans,132,7,95740.09,2,3,3,233,8,At Risk
CUST-01098,Nicholas Carlson,655,2,22440.57,1,1,2,112,4,Lost Customers
CUST-01099,Stephen Cowan,204,5,187838.8,2,3,4,234,9,At Risk
CUST-01100,Steven Howard,3,4,34061.65,5,2,2,522,9,New Customers
CUST-01101,Travis Hull,187,3,30699.920000000002,2,2,2,222,6,Lost Customers
CUST-01102,Darryl Acosta,359,4,84198.32999999999,1,2,3,123,6,Needs Attention
CUST-01103,Nicholas Lawrence,77,9,126988.69,3,4,4,344,11,Loyal Customers
CUST-01105,Shawn Scott,290,7,125116.53,1,3,4,134,8,At Risk
CUST-01106,Amber Vang,11,40,613915.94,5,5,5,555,15,Champions
CUST-01107,Martha Smith,2,2,64342.810000000005,5,1,3,513,9,New Customers
CUST-01108,Jennifer James,86,9,89171.84,3,4,3,343,10,Loyal Customers
CUST-01109,Kara Hernandez,62,5,110881.02,3,3,3,333,9,Loyal Customers
CUST-01110,Lorraine Turner,11,22,510689.2,5,5,5,555,15,Champions
CUST-01111,Mary Nelson,421,2,17051.4,1,1,1,111,3,Lost Customers
CUST-01112,Breanna Rivas,96,5,53735.06,3,3,2,332,8,Needs Attention
CUST-01113,Nathan Wilson,50,10,392844.59,3,4,5,345,12,Loyal Customers
CUST-01114,Brian Gonzalez,43,32,377042.93,4,5,5,455,14,Champions
CUST-01115,Dennis Mills,2,9,126642.32,5,4,4,544,13,Champions
CUST-01116,Michael Phillips,22,5,73394.79999999999,4,3,3,433,10,Loyal Customers
CUST-01117,Jon Clark,169,7,185061.34,2,3,4,234,9,At Risk
CUST-01118,Erin Smith,36,22,242195.11,4,5,4,454,13,Champions
CUST-01119,Susan Conley,5,6,155860.46,5,3,4,534,12,Loyal Customers
CUST-01120,Brittany Davis,111,1,1521.04,2,1,1,211,4,Lost Customers
CUST-01121,Misty Garcia,54,27,490461.49,3,5,5,355,13,Loyal Customers
CUST-01122,David Hinton,409,8,126501.81999999999,1,4,4,144,9,At Risk
CUST-01123,John Garcia,31,9,72811.72,4,4,3,443,11,Loyal Customers
CUST-01124,Andrew Roberts,277,1,8347.65,1,1,1,111,3,Lost Customers
CUST-01125,Emily Rodgers,23,11,83487.37,4,4,3,443,11,Loyal Customers
CUST-01126,Peter Williams,141,3,13434.970000000001,2,2,1,221,5,Lost Customers
CUST-01127,Mary Jackson,135,11,303951.74,2,4,5,245,11,At Risk
CUST-01129,Anna Briggs,356,3,26117.550000000003,1,2,2,122,5,Lost Customers
CUST-01130,James Rivers,3,360,6136200.1,5,5,5,555,15,Champions
CUST-01131,James Jefferson,600,1,23373.84,1,1,2,112,4,Lost Customers
CUST-01132,Mariah Robles,12,59,1320074.8900000001,5,5,5,555,15,Champions
CUST-01133,Michael Brown,207,4,23481.29,2,2,2,222,6,Lost Customers
CUST-01134,Caitlin Perry,88,21,582153.96,3,5,5,355,13,Loyal Customers
CUST-01135,Rebekah Gregory,232,5,98313.33,2,3,3,233,8,At Risk
CUST-01136,James Howard,71,8,54595.58,3,4,2,342,9,Needs Attention
CUST-01137,Michael Roberson,18,17,253863.16999999998,5,5,5,555,15,Champions
CUST-01138,Bianca Knapp,33,17,348689.72,4,5,5,455,14,Champions
CUST-01139,Jason Williams,163,2,71661.94,2,1,3,213,6,Needs Attention
CUST-01140,Ernest Bush,127,4,127312.18,2,2,4,224,8,Needs Attention
CUST-01141,Patricia Ray,26,10,94685.12,4,4,3,443,11,Loyal Customers
CUST-01142,Vanessa Santiago,6,14,291802.76,5,5,5,555,15,Champions
CUST-01143,Joseph Haynes,147,13,93609.59,2,4,3,243,9,At Risk
CUST-01144,Matthew Wright,228,4,20823.4,2,2,2,222,6,Lost Customers
CUST-01145,Michael Cruz,3,5,118558.80999999998,5,3,3,533,11,Loyal Customers
CUST-01146,Kristin Huerta,108,12,216704.83000000002,2,4,4,244,10,At Risk
CUST-01147,Mason Moore,397,2,125648.6,1,1,4,114,6,Needs Attention
CUST-01148,Sarah Booth,13,3,25785.26,5,2,2,522,9,New Customers
CUST-01149,John Allen,290,2,21276.73,1,1,2,112,4,Lost Customers
CUST-01150,Amber Walker,35,4,17293.42,4,2,1,421,7,New Customers
CUST-01151,Jennifer Young,211,2,17074.32,2,1,1,211,4,Lost Customers
CUST-01152,Robert West,33,5,287312.58999999997,4,3,5,435,12,Loyal Customers
CUST-01153,Jillian Wilson,13,6,65885.6,5,3,3,533,11,Loyal Customers
CUST-01154,Matthew Garcia MD,209,3,87356.89,2,2,3,223,7,Needs Attention
CUST-01155,April Davis,99,2,42709.47,3,1,2,312,6,Needs Attention
CUST-01157,Christine Powers,241,3,68389.47,2,2,3,223,7,Needs Attention
CUST-01158,Heidi Brown,393,2,26267.84,1,1,2,112,4,Lost Customers
CUST-01159,Jesse Castro,15,2,13311.52,5,1,1,511,7,New Customers
CUST-01160,Kara Sandoval,4,8,81101.16,5,4,3,543,12,Loyal Customers
CUST-01161,Ashley Malone,196,4,18723.11,2,2,1,221,5,Lost Customers
CUST-01162,Glenn Gallegos,177,7,77420.70999999999,2,3,3,233,8,At Risk
CUST-01163,Dorothy Boyd,264,4,44691.86,1,2,2,122,5,Lost Customers
CUST-01164,Amber Martin,47,3,95254.09999999999,4,2,3,423,9,New Customers
CUST-01165,Mitchell Griffith,1,19,311972.89999999997,5,5,5,555,15,Champions
CUST-01166,Levi Lopez,325,2,6912.129999999999,1,1,1,111,3,Lost Customers
CUST-01167,Jenna Bryant,172,6,158340.64,2,3,4,234,9,At Risk
CUST-01168,Michelle Rodriguez,583,1,834.3,1,1,1,111,3,Lost Customers
CUST-01169,Timothy Monroe,51,4,169539.74,3,2,4,324,9,Potential Loyalists
CUST-01170,Patricia Hayes,112,5,65018.829999999994,2,3,3,233,8,At Risk
CUST-01171,Tina Taylor,179,1,3743.96,2,1,1,211,4,Lost Customers
CUST-01172,Mr. Anthony Mcconnell PhD,145,3,69059.33,2,2,3,223,7,Needs Attention
CUST-01173,Mr. Thomas Thompson,143,6,35731.33,2,3,2,232,7,Needs Attention
CUST-01174,Monica Anderson,19,5,86510.95,4,3,3,433,10,Loyal Customers
CUST-01175,Kyle Andrade,41,16,192613.14,4,5,4,454,13,Champions
CUST-01176,Janice Petty,20,15,226868.04,4,5,4,454,13,Champions
CUST-01177,Pamela Hill,11,7,37714.75,5,3,2,532,10,Needs Attention
CUST-01178,Tracy Chavez,7,38,363677.91,5,5,5,555,15,Champions
CUST-01179,Jason Graves,41,2,23694.59,4,1,2,412,7,New Customers
CUST-01180,Elizabeth Miles,112,4,225379.08,2,2,4,224,8,Needs Attention
CUST-01181,Michelle Walls,260,1,578.29,1,1,1,111,3,Lost Customers
CUST-01182,Christina Weber,51,5,80067.55,3,3,3,333,9,Loyal Customers
CUST-01183,Gregory Chambers,12,18,330730.8,5,5,5,555,15,Champions
CUST-01184,Miss Tina Gordon,134,3,13964.89,2,2,1,221,5,Lost Customers
CUST-01185,Erica Wilson,11,29,326908.81,5,5,5,555,15,Champions
CUST-01187,Jennifer Adkins,3,32,605280.92,5,5,5,555,15,Champions
CUST-01188,Donna Boone,202,3,11864.05,2,2,1,221,5,Lost Customers
CUST-01189,Kelly Johnson,97,1,18118.6,3,1,1,311,5,Needs Attention
CUST-01190,Michael Gonzalez,109,8,230281.3,2,4,4,244,10,At Risk
CUST-01191,Candace Mitchell,51,6,91480.62999999999,3,3,3,333,9,Loyal Customers
CUST-01192,Ryan Vaughn,644,1,25787.48,1,1,2,112,4,Lost Customers
CUST-01193,Paul Johnson,231,5,62752.62,2,3,3,233,8,At Risk
CUST-01194,Ashley Parrish,13,14,597946.75,5,5,5,555,15,Champions
CUST-01195,Sharon Newton,46,5,64015.51,4,3,3,433,10,Loyal Customers
CUST-01196,Cynthia Mueller,340,4,73565.97,1,2,3,123,6,Needs Attention
CUST-01197,Donna Beck,206,6,147483.49,2,3,4,234,9,At Risk
CUST-01198,Jasmine Frye,103,6,46488.740000000005,2,3,2,232,7,Needs Attention
CUST-01199,Emily Arnold,123,3,48287.899999999994,2,2,2,222,6,Lost Customers
CUST-01200,David Oliver,6,5,84417.18,5,3,3,533,11,Loyal Customers
CUST-01201,Sheila Greer,37,4,27249.269999999997,4,2,2,422,8,New Customers
CUST-01202,Michele Holland,100,4,139565.66999999998,2,2,4,224,8,Needs Attention
CUST-01203,Kimberly Morrison,22,6,37241.86,4,3,2,432,9,Needs Attention
CUST-01204,Tracey Phillips,385,2,25838.33,1,1,2,112,4,Lost Customers
CUST-01205,Michael Lopez,204,4,101429.64,2,2,3,223,7,Needs Attention
CUST-01206,Jose Bennett,185,7,35626.69,2,3,2,232,7,Needs Attention
CUST-01207,Justin Anderson,64,3,14289.52,3,2,1,321,6,Needs Attention
CUST-01208,Dawn Rivera,19,7,22440.059999999998,4,3,2,432,9,Needs Attention
CUST-01209,Brittney Hernandez,172,3,17357.55,2,2,1,221,5,Lost Customers
CUST-01210,Anthony Randolph,42,43,731067.99,4,5,5,455,14,Champions
CUST-01211,Mary Henry,184,6,50618.44,2,3,2,232,7,Needs Attention
CUST-01212,Heather Bowers,105,17,238182.11,2,5,4,254,11,At Risk
CUST-01213,Daniel White,52,9,152378.19,3,4,4,344,11,Loyal Customers
CUST-01215,Anna Walker,27,7,25932.809999999998,4,3,2,432,9,Needs Attention
CUST-01216,Gary Ward,10,30,656623.25,5,5,5,555,15,Champions
CUST-01217,Paul Moreno,2,10,416757.47,5,4,5,545,14,Champions
CUST-01218,Unknown Customer,39,13,177992.79,4,4,4,444,12,Champions
CUST-01219,Jill Conway,15,22,307373.52,5,5,5,555,15,Champions
CUST-01220,Lisa Haley,145,3,51708.310000000005,2,2,2,222,6,Lost Customers
CUST-01221,Erica Moon,20,3,95838.11,4,2,3,423,9,New Customers
CUST-01222,Janice Fernandez,378,6,48980.009999999995,1,3,2,132,6,Needs Attention
CUST-01223,Thomas Short,45,4,17728.78,4,2,1,421,7,New Customers
CUST-01224,Robert Griffin,12,15,504611.83,5,5,5,555,15,Champions
CUST-01225,Steven Lee,7,18,439481.88,5,5,5,555,15,Champions
CUST-01226,Tiffany Jackson,18,2,12981.93,5,1,1,511,7,New Customers
CUST-01227,Kimberly Smith,105,3,75272.61,2,2,3,223,7,Needs Attention
CUST-01228,Michael Ayala,20,7,55049.69,4,3,2,432,9,Needs Attention
CUST-01229,Jessica Garcia,88,5,40124.84,3,3,2,332,8,Needs Attention
CUST-01230,Michele Cherry,24,18,344440.33999999997,4,5,5,455,14,Champions
CUST-01231,Maria Case,15,6,167403.93,5,3,4,534,12,Loyal Customers
CUST-01232,Brittany Stevens,149,14,189357.08000000002,2,5,4,254,11,At Risk
CUST-01233,Brandon Brown,362,1,44503.01,1,1,2,112,4,Lost Customers
CUST-01234,Kristin Andrews,35,6,43122.17,4,3,2,432,9,Needs Attention
CUST-01235,David Hughes,44,5,170551.56,4,3,4,434,11,Loyal Customers
CUST-01236,Jessica Smith,25,11,236981.71,4,4,4,444,12,Champions
CUST-01238,Nicole Richards,286,2,12829.58,1,1,1,111,3,Lost Customers
CUST-01239,Angel Reilly,63,11,103904.81999999999,3,4,3,343,10,Loyal Customers
CUST-01240,Richard Turner,206,2,42913.34,2,1,2,212,5,Lost Customers
CUST-01241,Preston Kim,106,3,10238.77,2,2,1,221,5,Lost Customers
CUST-01243,Brandy Myers,540,4,85480.48000000001,1,2,3,123,6,Needs Attention
CUST-01244,Kimberly Choi,43,5,119604.72,4,3,4,434,11,Loyal Customers
CUST-01245,Michael Sloan,100,7,274642.24,2,3,5,235,10,At Risk
CUST-01246,Monica Brooks,673,1,112276.04,1,1,3,113,5,Needs Attention
CUST-01247,Kristen Peters,263,4,54192.28999999999,1,2,2,122,5,Lost Customers
CUST-01248,Aaron Carlson,10,5,57133.57,5,3,3,533,11,Loyal Customers
CUST-01249,Theresa Torres,102,2,23504.370000000003,2,1,2,212,5,Lost Customers
CUST-01250,Stephanie Cooper,4,79,1249998.79,5,5,5,555,15,Champions
CUST-01251,Matthew Hunt,361,1,885.63,1,1,1,111,3,Lost Customers
CUST-01252,Daniel Davenport,178,5,82375.2,2,3,3,233,8,At Risk
CUST-01253,Christopher Marsh,613,1,7721.21,1,1,1,111,3,Lost Customers
CUST-01254,Sarah Randolph,340,2,18981.04,1,1,1,111,3,Lost Customers
CUST-01255,Julia Dunn MD,73,11,209301.13999999998,3,4,4,344,11,Loyal Customers
CUST-01256,Brett Swanson,37,4,89850.87,4,2,3,423,9,New Customers
CUST-01257,Mr. Carl Rios,1,81,1277508.96,5,5,5,555,15,Champions
CUST-01258,Manuel Mccullough,417,1,11051.35,1,1,1,111,3,Lost Customers
CUST-01259,Jerry Jensen,420,1,921.29,1,1,1,111,3,Lost Customers
CUST-01260,Kevin Cunningham,10,8,221946.41,5,4,4,544,13,Champions
CUST-01261,Eugene Patterson,53,8,110829.77,3,4,3,343,10,Loyal Customers
CUST-01262,David Walker,65,4,60034.97,3,2,3,323,8,Potential Loyalists
CUST-01263,Jessica Larsen,14,3,103511.28,5,2,3,523,10,New Customers
CUST-01264,Nicholas Humphrey,281,1,4010.86,1,1,1,111,3,Lost Customers
CUST-01265,Ian Torres,27,21,367459.87,4,5,5,455,14,Champions
CUST-01266,Casey Obrien,253,1,2704.19,1,1,1,111,3,Lost Customers
CUST-01267,Shannon Taylor,117,2,48860.76,2,1,2,212,5,Lost Customers
CUST-01268,Deborah Mercado,53,3,11241.119999999999,3,2,1,321,6,Needs Attention
CUST-01269,Bernard Smith,17,4,15291.45,5,2,1,521,8,New Customers
CUST-01270,Amanda Perkins,406,1,1720.56,1,1,1,111,3,Lost Customers
CUST-01271,Kevin Escobar,12,6,27610.67,5,3,2,532,10,Needs Attention
CUST-01273,Reginald Diaz,17,15,241563.34,5,5,4,554,14,Champions
CUST-01275,John Dixon,92,5,53880.69,3,3,2,332,8,Needs Attention
CUST-01276,Jonathan Bates,115,17,426678.23,2,5,5,255,12,At Risk
CUST-01277,Renee Mendez,39,9,82647.96,4,4,3,443,11,Loyal Customers
CUST-01278,Jose Griffin,106,4,11815.11,2,2,1,221,5,Lost Customers
CUST-01279,Travis Hopkins,189,3,16210.26,2,2,1,221,5,Lost Customers
CUST-01280,Nancy Webb,205,3,19051.03,2,2,1,221,5,Lost Customers
CUST-01281,Daniel Freeman,69,4,33826.52,3,2,2,322,7,Needs Attention
CUST-01282,Jacob Williams,5,93,1839155.16,5,5,5,555,15,Champions
CUST-01283,Terry Ward,100,10,312055.04,2,4,5,245,11,At Risk
CUST-01284,Jesse Williams,104,6,72830.93,2,3,3,233,8,At Risk
CUST-01285,Mrs. Michele Boyd,25,9,179909.8,4,4,4,444,12,Champions
CUST-01287,Unknown Customer,89,2,8168.32,3,1,1,311,5,Needs Attention
CUST-01288,Matthew Houston,83,7,216505.54,3,3,4,334,10,Loyal Customers
CUST-01289,Jamie Solomon,3,37,494055.05000000005,5,5,5,555,15,Champions
CUST-01290,Heather Parrish,684,2,11229.220000000001,1,1,1,111,3,Lost Customers
CUST-01291,Mr. Larry Shaw,56,6,53875.26,3,3,2,332,8,Needs Attention
CUST-01292,Christopher Jones,474,1,20188.79,1,1,1,111,3,Lost Customers
CUST-01293,Christine Lopez,21,5,39776.48,4,3,2,432,9,Needs Attention
CUST-01294,Mitchell Wilson,25,2,6426.47,4,1,1,411,6,New Customers
CUST-01295,Robert Cortez,431,4,262694.72,1,2,5,125,8,Needs Attention
CUST-01296,Mr. Daniel Martin,35,14,389728.47,4,5,5,455,14,Champions
CUST-01297,Alison Williams,431,2,42743.83,1,1,2,112,4,Lost Customers
CUST-01298,Candace Soto,68,9,194836.09,3,4,4,344,11,Loyal Customers
CUST-01299,Kenneth Brown,55,8,119091.45,3,4,4,344,11,Loyal Customers
CUST-01300,Christopher Mullen,83,21,348348.43,3,5,5,355,13,Loyal Customers
CUST-01301,Kristy Smith,327,2,59068.42,1,1,3,113,5,Needs Attention
CUST-01302,Mary Campbell,64,7,184972.58000000002,3,3,4,334,10,Loyal Customers
CUST-01303,Jerry Haney,79,1,511.55,3,1,1,311,5,Needs Attention
CUST-01304,Carolyn Greer,3,88,1153619.1199999999,5,5,5,555,15,Champions
CUST-01305,Rebecca Hoover,4,25,373297.88,5,5,5,555,15,Champions
CUST-01306,Matthew Baker,70,3,39545.86,3,2,2,322,7,Needs Attention
CUST-01307,Grace Chavez,18,15,229882.03,5,5,4,554,14,Champions
CUST-01308,Crystal Cruz,251,4,201681.83,1,2,4,124,7,Needs Attention
CUST-01309,Dale Heath,62,7,90439.66,3,3,3,333,9,Loyal Customers
CUST-01310,Jennifer Hernandez,48,3,43332.3,3,2,2,322,7,Needs Attention
CUST-01311,John Mendez,44,19,364604.5,4,5,5,455,14,Champions
CUST-01312,Richard Gordon,23,2,37893.25,4,1,2,412,7,New Customers
CUST-01313,John Anderson,13,9,131366.49,5,4,4,544,13,Champions
CUST-01314,Samantha Prince,105,17,310315.26,2,5,5,255,12,At Risk
CUST-01315,Marie Boyd,281,7,77503.85,1,3,3,133,7,At Risk
CUST-01317,Robert Clarke,92,4,50656.75,3,2,2,322,7,Needs Attention
CUST-01318,Unknown Customer,1,1,28854.26,5,1,2,512,8,New Customers
CUST-01319,Melissa Davis,446,1,1879.78,1,1,1,111,3,Lost Customers
CUST-01320,John Hall,318,2,9192.76,1,1,1,111,3,Lost Customers
CUST-01321,Diane Mcdowell,27,25,492779.16,4,5,5,455,14,Champions
CUST-01322,Colin Fletcher,68,7,113639.65,3,3,3,333,9,Loyal Customers
CUST-01323,Laura Wilson,344,4,197106.77,1,2,4,124,7,Needs Attention
CUST-01324,Matthew Watts,2,6,153972.1,5,3,4,534,12,Loyal Customers
CUST-01325,Jack Moore,324,6,78518.53,1,3,3,133,7,At Risk
CUST-01326,Dawn Wyatt,4,6,104191.33,5,3,3,533,11,Loyal Customers
CUST-01327,Jacob Hill,178,3,11650.35,2,2,1,221,5,Lost Customers
CUST-01328,Nicole Gutierrez,26,17,389524.64,4,5,5,455,14,Champions
CUST-01329,Karen Wood,254,5,33857.71,1,3,2,132,6,Needs Attention
CUST-01330,Dawn Parker,1,92,1239592.05,5,5,5,555,15,Champions
CUST-01331,Michael Fitzgerald,65,14,69350.03,3,5,3,353,11,Loyal Customers
CUST-01332,Unknown Customer,147,5,51444.81,2,3,2,232,7,Needs Attention
CUST-01333,Michael Martin,5,25,225739.58,5,5,4,554,14,Champions
CUST-01334,James Morgan,226,1,34337.8,2,1,2,212,5,Lost Customers
CUST-01335,Melissa Mann,1,15,214979.95,5,5,4,554,14,Champions
CUST-01336,Vincent Smith,104,6,26260.94,2,3,2,232,7,Needs Attention
CUST-01337,Charles Frost,15,15,436106.08999999997,5,5,5,555,15,Champions
CUST-01338,Austin Walker,21,15,207761.28,4,5,4,454,13,Champions
CUST-01339,Andrew Cruz,5,9,74584.79,5,4,3,543,12,Loyal Customers
CUST-01340,Miss Kelly Dawson,17,7,57750.18,5,3,3,533,11,Loyal Customers
CUST-01341,Theresa Wilkins,38,5,75040.31,4,3,3,433,10,Loyal Customers
CUST-01342,Jessica Harris,572,1,3048.78,1,1,1,111,3,Lost Customers
CUST-01344,Kyle Black,65,5,41359.26,3,3,2,332,8,Needs Attention
CUST-01345,Christopher Johnson,82,9,94672.01000000001,3,4,3,343,10,Loyal Customers
CUST-01346,Aaron Moore,140,3,293047.82,2,2,5,225,9,Needs Attention
CUST-01347,Penny Gomez MD,15,49,796117.4400000001,5,5,5,555,15,Champions
CUST-01348,Kelly Mclaughlin,21,4,13609.2,4,2,1,421,7,New Customers
CUST-01349,Brandon Mitchell,147,9,89921.09,2,4,3,243,9,At Risk
CUST-01350,Suzanne Bailey,384,1,9612.92,1,1,1,111,3,Lost Customers
CUST-01351,Destiny Obrien,18,18,522162.58,5,5,5,555,15,Champions
CUST-01352,Timothy Andrews,1,27,522191.44,5,5,5,555,15,Champions
CUST-01353,Jason Rodriguez,67,3,28135.760000000002,3,2,2,322,7,Needs Attention
CUST-01354,Edward Arroyo,88,5,95375.11,3,3,3,333,9,Loyal Customers
CUST-01355,Tina Walter,31,8,57962.579999999994,4,4,3,443,11,Loyal Customers
CUST-01356,Laura Benson,328,4,105399.35,1,2,3,123,6,Needs Attention
CUST-01357,Kristine Carrillo,326,4,20398.879999999997,1,2,2,122,5,Lost Customers
CUST-01358,Tonya Ellis,279,3,117849.02,1,2,3,123,6,Needs Attention
CUST-01359,Kevin Johnson,292,2,23622.57,1,1,2,112,4,Lost Customers
CUST-01360,Austin Schultz,297,2,40822.05,1,1,2,112,4,Lost Customers
CUST-01361,Megan Hall MD,218,3,40085.75,2,2,2,222,6,Lost Customers
CUST-01363,Danielle Davis,35,1,1441.42,4,1,1,411,6,New Customers
CUST-01364,Samantha Jones,37,43,743910.46,4,5,5,455,14,Champions
CUST-01365,Karen Gomez,346,2,3266.83,1,1,1,111,3,Lost Customers
CUST-01366,Debra Valentine,6,39,658416.23,5,5,5,555,15,Champions
CUST-01367,Susan Porter,51,8,65695.96,3,4,3,343,10,Loyal Customers
CUST-01368,Nicolas Salas,42,4,56325.52,4,2,2,422,8,New Customers
CUST-01369,Dale Wright,43,4,60935.39,4,2,3,423,9,New Customers
CUST-01370,Brittney Rodriguez,16,6,120992.20999999999,5,3,4,534,12,Loyal Customers
CUST-01371,Megan Alvarado,478,1,1605.56,1,1,1,111,3,Lost Customers
CUST-01372,Pamela Weaver,41,10,118939.01000000001,4,4,3,443,11,Loyal Customers
CUST-01373,John Oliver,388,2,9757.42,1,1,1,111,3,Lost Customers
CUST-01374,William Prince PhD,33,10,94048.31,4,4,3,443,11,Loyal Customers
CUST-01375,William Moon IV,70,10,239156.52,3,4,4,344,11,Loyal Customers
CUST-01376,Kenneth Brown,139,2,71941.67,2,1,3,213,6,Needs Attention
CUST-01377,Karen Fernandez,48,1,3171.96,3,1,1,311,5,Needs Attention
CUST-01378,Jennifer Parks,9,9,336058.33,5,4,5,545,14,Champions
CUST-01379,William Wolfe,23,9,133829.28,4,4,4,444,12,Champions
CUST-01381,Kevin Nguyen,1,144,1699324.73,5,5,5,555,15,Champions
CUST-01382,Debbie Dunn,93,1,768.42,3,1,1,311,5,Needs Attention
CUST-01383,John Austin,16,10,311502.19000000006,5,4,5,545,14,Champions
CUST-01384,Jonathan Clark,9,54,720939.1900000001,5,5,5,555,15,Champions
CUST-01385,Jacqueline Dickerson,343,3,25442.6,1,2,2,122,5,Lost Customers
CUST-01386,Christopher Anderson,409,2,7054.54,1,1,1,111,3,Lost Customers
CUST-01387,Crystal Garcia,175,3,24348.47,2,2,2,222,6,Lost Customers
CUST-01388,David Reynolds,399,2,55820.01,1,1,2,112,4,Lost Customers
CUST-01389,Charles Haley,218,1,37293.39,2,1,2,212,5,Lost Customers
CUST-01390,Robert Thompson,92,8,86490.06,3,4,3,343,10,Loyal Customers
CUST-01391,Dr. Samuel Holmes DDS,358,1,390.29,1,1,1,111,3,Lost Customers
CUST-01392,Elizabeth Hart,168,3,8210.7,2,2,1,221,5,Lost Customers
CUST-01393,Unknown Customer,5,164,2913516.61,5,5,5,555,15,Champions
CUST-01394,Robert Woods,39,9,121890.97,4,4,4,444,12,Champions
CUST-01395,Joanna Cook,80,5,54616.44,3,3,2,332,8,Needs Attention
CUST-01396,Justin Frederick,385,2,8204.810000000001,1,1,1,111,3,Lost Customers
CUST-01397,Alejandro Martinez,86,10,167015.09,3,4,4,344,11,Loyal Customers
CUST-01398,Tracey Gonzalez,28,10,251184.65000000002,4,4,5,445,13,Champions
CUST-01399,Mariah Thompson,167,2,26106.969999999998,2,1,2,212,5,Lost Customers
CUST-01401,Dr. Steve James,13,16,127770.34000000001,5,5,4,554,14,Champions
CUST-01402,Mark Thomas,76,1,54270.77,3,1,2,312,6,Needs Attention
CUST-01403,Robert Rogers,615,1,12191.2,1,1,1,111,3,Lost Customers
CUST-01404,Laura Sweeney,194,4,119461.54000000001,2,2,4,224,8,Needs Attention
CUST-01405,Christopher Perez,129,5,127284.44000000002,2,3,4,234,9,At Risk
CUST-01406,Eddie Adams,66,15,116820.27,3,5,3,353,11,Loyal Customers
CUST-01407,Denise Wallace,18,12,88423.29,5,4,3,543,12,Loyal Customers
CUST-01408,Heidi Matthews,38,11,119329.99,4,4,4,444,12,Champions
CUST-01409,Jennifer White,83,2,83382.89,3,1,3,313,7,Potential Loyalists
CUST-01410,Nicholas Stanley,11,5,50214.270000000004,5,3,2,532,10,Needs Attention
CUST-01411,Mercedes Miller,150,4,61235.26,2,2,3,223,7,Needs Attention
CUST-01412,Brian Brown,300,1,6404.4,1,1,1,111,3,Lost Customers
CUST-01413,Kimberly Johnson,596,1,3439.65,1,1,1,111,3,Lost Customers
CUST-01414,Phillip Miller,108,7,178161.22999999998,2,3,4,234,9,At Risk
CUST-01416,Ellen Wright,157,4,56908.46,2,2,3,223,7,Needs Attention
CUST-01417,Mark Anderson,56,4,118666.41,3,2,3,323,8,Potential Loyalists
CUST-01420,Kimberly Nelson,8,51,1216096.71,5,5,5,555,15,Champions
CUST-01421,Wayne Wolfe,40,12,265691.99,4,4,5,445,13,Champions
CUST-01422,Kyle Welch,5,30,361808.08999999997,5,5,5,555,15,Champions
CUST-01423,Kristy Mills,79,5,27344.13,3,3,2,332,8,Needs Attention
CUST-01424,Emily Reed,105,1,27258.69,2,1,2,212,5,Lost Customers
CUST-01425,Regina Ramos,37,4,61880.869999999995,4,2,3,423,9,New Customers
CUST-01426,David Torres,113,6,337941.46,2,3,5,235,10,At Risk
CUST-01427,Robert Charles,5,17,399499.29,5,5,5,555,15,Champions
CUST-01428,John Smith,233,2,50694.38,2,1,2,212,5,Lost Customers
CUST-01429,Theresa Woods,93,4,95797.26,3,2,3,323,8,Potential Loyalists
CUST-01430,Jeffrey Carter,679,1,3160.56,1,1,1,111,3,Lost Customers
CUST-01431,Adam Brooks,9,6,338623.47000000003,5,3,5,535,13,Loyal Customers
CUST-01432,Justin Foster,109,7,118548.69,2,3,3,233,8,At Risk
CUST-01433,Omar Price,37,4,47576.86,4,2,2,422,8,New Customers
CUST-01434,Dennis Henderson,20,9,150274.99,4,4,4,444,12,Champions
CUST-01435,Phillip Kent,19,6,85060.82999999999,4,3,3,433,10,Loyal Customers
CUST-01436,Melinda Mitchell,66,5,25869.56,3,3,2,332,8,Needs Attention
CUST-01437,Rhonda Gutierrez,17,10,68047.89,5,4,3,543,12,Loyal Customers
CUST-01438,Catherine Roberts,5,17,231706.89,5,5,4,554,14,Champions
CUST-01439,Lisa Nelson,14,35,389664.72000000003,5,5,5,555,15,Champions
CUST-01440,Unknown Customer,47,14,167682.52000000002,4,5,4,454,13,Champions
CUST-01441,Joseph Lopez,581,2,162856.09,1,1,4,114,6,Needs Attention
CUST-01442,Derrick Espinoza,57,9,148269.51,3,4,4,344,11,Loyal Customers
CUST-01443,Crystal Hernandez,320,4,74681.38,1,2,3,123,6,Needs Attention
CUST-01444,Glenn Collins DDS,83,5,82278.4,3,3,3,333,9,Loyal Customers
CUST-01445,Mrs. Raven Rivera DVM,45,14,121299.73,4,5,4,454,13,Champions
CUST-01447,John Lee,188,24,321419.73,2,5,5,255,12,At Risk
CUST-01448,Ruth Clayton,38,5,61821.880000000005,4,3,3,433,10,Loyal Customers
CUST-01449,Randy Wright,38,5,94642.47,4,3,3,433,10,Loyal Customers
CUST-01450,Jessica Rojas,12,9,133024.15,5,4,4,544,13,Champions
CUST-01451,Joel Wise,58,18,264278.91,3,5,5,355,13,Loyal Customers
CUST-01452,Vickie Kennedy,308,4,57611.5,1,2,3,123,6,Needs Attention
CUST-01453,Emily Morris,146,6,92587.01,2,3,3,233,8,At Risk
CUST-01455,Dawn Little,43,5,74061.41,4,3,3,433,10,Loyal Customers
CUST-01457,Brian Chen,8,14,337394.05,5,5,5,555,15,Champions
CUST-01458,Christopher Hill,32,4,49674.05,4,2,2,422,8,New Customers
CUST-01459,Richard Smith,36,7,23572.59,4,3,2,432,9,Needs Attention
CUST-01460,Richard Alvarez,477,2,103592.89,1,1,3,113,5,Needs Attention
CUST-01461,Jacqueline Davis,156,2,4405.24,2,1,1,211,4,Lost Customers
CUST-01462,Brandon Montgomery,155,11,149971.05,2,4,4,244,10,At Risk
CUST-01463,Yolanda Garrett,366,1,12650.33,1,1,1,111,3,Lost Customers
CUST-01465,Beth Hall,82,5,42554.119999999995,3,3,2,332,8,Needs Attention
CUST-01466,Dr. Nicole Trujillo,17,35,459865.38,5,5,5,555,15,Champions
CUST-01467,Corey Norris,40,13,167269.57,4,4,4,444,12,Champions
CUST-01468,Chad Roach,196,4,67368.42,2,2,3,223,7,Needs Attention
CUST-01469,Mr. Edward Terry,75,4,161104.99,3,2,4,324,9,Potential Loyalists
CUST-01470,Cody Bailey,233,4,58389.46,2,2,3,223,7,Needs Attention
CUST-01471,Denise Guerra,20,8,173239.53,4,4,4,444,12,Champions
CUST-01472,Kristen Jones,47,7,183429.25,4,3,4,434,11,Loyal Customers
CUST-01473,Edward Baker,45,2,3943.6000000000004,4,1,1,411,6,New Customers
CUST-01474,Aaron Little,491,2,35220.65,1,1,2,112,4,Lost Customers
CUST-01475,Cody Smith,22,1,5501.89,4,1,1,411,6,New Customers
CUST-01476,Patty Allen,23,13,312819.86,4,4,5,445,13,Champions
CUST-01477,Mary Ryan,9,14,299397.35,5,5,5,555,15,Champions
CUST-01479,Lisa Morris,481,1,2995.74,1,1,1,111,3,Lost Customers
CUST-01481,Russell Anderson,4,39,608912.87,5,5,5,555,15,Champions
CUST-01482,Christina Washington,381,1,13316.14,1,1,1,111,3,Lost Customers
CUST-01483,Kenneth Huff,21,19,301425.58999999997,4,5,5,455,14,Champions
CUST-01484,Kelly Miles,14,6,139165.34,5,3,4,534,12,Loyal Customers
CUST-01485,Jacob Obrien,51,3,25615.98,3,2,2,322,7,Needs Attention
CUST-01487,Steve Miller PhD,47,3,15336.460000000001,4,2,1,421,7,New Customers
CUST-01488,Justin Hurley,3,6,213716.71000000002,5,3,4,534,12,Loyal Customers
CUST-01489,Jacob Erickson,4,17,314214.95,5,5,5,555,15,Champions
CUST-01490,Deborah Williams,42,11,151789.13,4,4,4,444,12,Champions
CUST-01491,Eric Blackburn,25,1,10807.41,4,1,1,411,6,New Customers
CUST-01493,Chelsey Fox,1,50,864368.0,5,5,5,555,15,Champions
CUST-01494,Mario White,21,15,145915.47,4,5,4,454,13,Champions
CUST-01495,Jennifer Garcia,290,4,39766.93,1,2,2,122,5,Lost Customers
CUST-01496,Heather Ellis,9,68,828465.44,5,5,5,555,15,Champions
CUST-01497,Sonya Jackson,512,3,61394.880000000005,1,2,3,123,6,Needs Attention
CUST-01498,James Morgan,180,3,17181.36,2,2,1,221,5,Lost Customers
CUST-01499,Zachary Ramos,42,12,147463.8,4,4,4,444,12,Champions
CUST-01500,Ethan Frey,3,16,129723.4,5,5,4,554,14,Champions
CUST-01501,Jacob Duran,34,6,304278.39,4,3,5,435,12,Loyal Customers
CUST-01502,Nicholas Franklin,57,1,12800.4,3,1,1,311,5,Needs Attention
CUST-01503,Cindy Cannon,131,3,12691.24,2,2,1,221,5,Lost Customers
CUST-01504,Dawn Nixon,18,29,486565.97000000003,5,5,5,555,15,Champions
CUST-01505,James Barber,409,2,10891.73,1,1,1,111,3,Lost Customers
CUST-01506,Ms. Kelly Holder,377,3,84979.07,1,2,3,123,6,Needs Attention
CUST-01508,Alison Short,45,6,31217.640000000003,4,3,2,432,9,Needs Attention
CUST-01509,Desiree Spencer,272,8,70835.45999999999,1,4,3,143,8,At Risk
CUST-01510,Tammy Moore,11,34,757665.26,5,5,5,555,15,Champions
CUST-01511,Henry Taylor,429,2,7022.37,1,1,1,111,3,Lost Customers
CUST-01512,Kevin Hall,693,1,8925.78,1,1,1,111,3,Lost Customers
CUST-01513,Anna Ross,1,4,94716.63,5,2,3,523,10,New Customers
CUST-01514,Morgan Cummings,46,19,265609.44,4,5,5,455,14,Champions
CUST-01515,Carrie Petersen,172,3,38846.97,2,2,2,222,6,Lost Customers
CUST-01516,Laura Velez,206,2,19118.690000000002,2,1,1,211,4,Lost Customers
CUST-01517,Elizabeth Cross,135,10,54221.24,2,4,2,242,8,Needs Attention
CUST-01518,Angela Brown,15,17,244648.3979512886,5,5,4,554,14,Champions
CUST-01519,Hannah Montoya,13,14,281298.04,5,5,5,555,15,Champions
CUST-01520,Sean Kane,9,21,324748.0,5,5,5,555,15,Champions
CUST-01521,Matthew Guzman,284,2,7884.389999999999,1,1,1,111,3,Lost Customers
CUST-01522,Richard Reyes,33,19,351565.15,4,5,5,455,14,Champions
CUST-01523,Andrew Fernandez,97,4,23801.57,3,2,2,322,7,Needs Attention
CUST-01524,Jonathan Walker,17,11,184917.16999999998,5,4,4,544,13,Champions
CUST-01525,Nicholas Long,35,10,111940.22,4,4,3,443,11,Loyal Customers
CUST-01526,Kurt Wagner,65,9,125611.76,3,4,4,344,11,Loyal Customers
CUST-01527,Dylan Foster,87,13,420138.57,3,4,5,345,12,Loyal Customers
CUST-01528,Bradley Duncan,157,2,53960.22,2,1,2,212,5,Lost Customers
CUST-01529,James Miller,95,7,139215.85,3,3,4,334,10,Loyal Customers
CUST-01530,Patricia Anderson,47,59,846989.21,4,5,5,455,14,Champions
CUST-01531,Justin Freeman,20,24,494888.29,4,5,5,455,14,Champions
CUST-01533,Danielle Jones,94,5,153583.11000000002,3,3,4,334,10,Loyal Customers
CUST-01534,Erica Glass,187,5,29246.79,2,3,2,232,7,Needs Attention
CUST-01535,Michael Henderson,38,6,68863.45,4,3,3,433,10,Loyal Customers
CUST-01536,Frank Wheeler,22,16,151861.73,4,5,4,454,13,Champions
CUST-01538,Wanda Ramos,160,5,37926.21,2,3,2,232,7,Needs Attention
CUST-01539,Andrew Meyers,52,12,210795.01,3,4,4,344,11,Loyal Customers
CUST-01540,James Todd,5,9,52049.75,5,4,2,542,11,Needs Attention
CUST-01541,Ashley Brown,35,7,72536.02,4,3,3,433,10,Loyal Customers
CUST-01542,Tammy Melton,114,7,29457.89,2,3,2,232,7,Needs Attention
CUST-01543,Alexis Benson,414,3,15768.779999999999,1,2,1,121,4,Lost Customers
CUST-01544,Jerry Johnson,98,3,19570.68,3,2,1,321,6,Needs Attention
CUST-01545,Joshua Harris,261,3,27420.4,1,2,2,122,5,Lost Customers
CUST-01546,Deanna Webb,63,6,13334.55,3,3,1,331,7,Needs Attention
CUST-01547,Brenda Hale,54,19,408338.42,3,5,5,355,13,Loyal Customers
CUST-01548,Kevin Alvarado,17,8,113863.94,5,4,3,543,12,Loyal Customers
CUST-01549,Christopher Campbell,34,10,137583.27,4,4,4,444,12,Champions
CUST-01550,Lisa Brown,379,1,109297.88,1,1,3,113,5,Needs Attention
CUST-01551,Alejandra Price,205,3,57125.850000000006,2,2,3,223,7,Needs Attention
CUST-01553,Alicia Dillon,404,4,36266.93,1,2,2,122,5,Lost Customers
CUST-01554,Crystal James,2,14,338020.95,5,5,5,555,15,Champions
CUST-01555,Ariana Stewart,5,101,1585598.95,5,5,5,555,15,Champions
CUST-01557,Judith House,256,2,25929.89,1,1,2,112,4,Lost Customers
CUST-01558,David Moreno,8,17,277570.46,5,5,5,555,15,Champions
CUST-01559,James Moore,71,2,22797.510000000002,3,1,2,312,6,Needs Attention
CUST-01560,Harold Garrett,11,10,155781.55,5,4,4,544,13,Champions
CUST-01561,William Mason,108,17,215976.66,2,5,4,254,11,At Risk
CUST-01562,Lori Johns,18,7,153587.38999999998,5,3,4,534,12,Loyal Customers
CUST-01563,Robin Johnson,391,1,537.38,1,1,1,111,3,Lost Customers
CUST-01564,Diana Hernandez,193,5,109740.15,2,3,3,233,8,At Risk
CUST-01565,Mary Miller,49,13,248371.25,3,4,4,344,11,Loyal Customers
CUST-01566,Tyler Salazar,21,10,180239.87,4,4,4,444,12,Champions
CUST-01568,Wesley Browning,7,10,200364.46,5,4,4,544,13,Champions
CUST-01570,Joshua Mcbride,45,9,127136.64,4,4,4,444,12,Champions
CUST-01571,Ellen Thornton,19,3,289807.38,4,2,5,425,11,New Customers
CUST-01572,Brandy Forbes,11,31,296291.26,5,5,5,555,15,Champions
CUST-01574,Emily Grant,339,2,59828.22,1,1,3,113,5,Needs Attention
CUST-01575,Unknown Customer,711,1,1892.84,1,1,1,111,3,Lost Customers
CUST-01576,Monica Cannon,98,4,100701.82,3,2,3,323,8,Potential Loyalists
CUST-01577,Jennifer Jenkins,49,15,416861.02,3,5,5,355,13,Loyal Customers
CUST-01578,Timothy Shannon,5,145,2250499.7,5,5,5,555,15,Champions
CUST-01579,Denise Maxwell,73,5,26893.36,3,3,2,332,8,Needs Attention
CUST-01580,Cody Farmer,18,9,53046.01,5,4,2,542,11,Needs Attention
CUST-01581,Debra Bradley,38,11,75471.93,4,4,3,443,11,Loyal Customers
CUST-01582,David Mcdaniel,9,21,103087.08,5,5,3,553,13,Loyal Customers
CUST-01583,Michael Woods,74,5,78852.43,3,3,3,333,9,Loyal Customers
CUST-01584,Lisa Joseph,17,5,63561.39,5,3,3,533,11,Loyal Customers
CUST-01585,Samuel Henry,259,4,121342.65000000001,1,2,4,124,7,Needs Attention
CUST-01586,Corey Johnson,12,8,85471.12,5,4,3,543,12,Loyal Customers
CUST-01588,Patrick Mcneil,74,4,52122.030000000006,3,2,2,322,7,Needs Attention
CUST-01589,Andrea Ho,156,4,58041.649999999994,2,2,3,223,7,Needs Attention
CUST-01590,Dr. Katherine Nguyen,144,8,164144.13,2,4,4,244,10,At Risk
CUST-01591,David Sullivan,56,3,19752.65,3,2,1,321,6,Needs Attention
CUST-01592,Nicolas James,45,13,241046.17,4,4,4,444,12,Champions
CUST-01593,Logan Newton,38,6,23151.6,4,3,2,432,9,Needs Attention
CUST-01594,Kelly Liu,78,6,201759.99,3,3,4,334,10,Loyal Customers
CUST-01595,Kelly Hayes,104,1,1273.04,2,1,1,211,4,Lost Customers
CUST-01596,Amanda Forbes,48,4,68440.27,3,2,3,323,8,Potential Loyalists
CUST-01597,Jennifer Moss,40,6,72707.78,4,3,3,433,10,Loyal Customers
CUST-01598,Kelli Mccoy,42,8,141922.04,4,4,4,444,12,Champions
CUST-01599,Eddie Sanders,67,5,40895.799999999996,3,3,2,332,8,Needs Attention
CUST-01600,Ronald Murray,343,8,30441.5,1,4,2,142,7,Needs Attention
CUST-01601,Louis Brown,101,8,183005.66,2,4,4,244,10,At Risk
CUST-01602,Brenda Gallegos,135,4,61565.66,2,2,3,223,7,Needs Attention
CUST-01603,Nathan Wilson,41,11,67899.43,4,4,3,443,11,Loyal Customers
CUST-01604,Teresa Horton,48,6,54763.59,3,3,2,332,8,Needs Attention
CUST-01605,Jason Hayes,719,1,134.91,1,1,1,111,3,Lost Customers
CUST-01606,Kevin Marquez,501,2,4134.55,1,1,1,111,3,Lost Customers
CUST-01607,Jesse Wright,43,4,30550.13,4,2,2,422,8,New Customers
CUST-01608,Susan Hogan,38,13,117022.26,4,4,3,443,11,Loyal Customers
CUST-01609,Becky Wilson,75,9,117947.34,3,4,3,343,10,Loyal Customers
CUST-01610,Jack Mills,27,12,267861.2,4,4,5,445,13,Champions
CUST-01611,Richard Hunt,193,3,18835.5,2,2,1,221,5,Lost Customers
CUST-01612,Jamie James,104,9,142717.37,2,4,4,244,10,At Risk
CUST-01613,Susan Cunningham,62,3,25077.69,3,2,2,322,7,Needs Attention
CUST-01614,Brittany Melton,665,1,13408.72,1,1,1,111,3,Lost Customers
CUST-01615,Michael Barnes,258,4,77239.5,1,2,3,123,6,Needs Attention
CUST-01616,Randy Griffin,119,2,22653.18,2,1,2,212,5,Lost Customers
CUST-01618,Marcus King,81,4,72665.29,3,2,3,323,8,Potential Loyalists
CUST-01619,Scott Stephens,3,7,54323.39,5,3,2,532,10,Needs Attention
CUST-01620,Stephen Young,4,209,3506792.1,5,5,5,555,15,Champions
CUST-01621,Karen Ortiz,76,20,129911.86,3,5,4,354,12,Loyal Customers
CUST-01622,Kyle Sanchez,14,6,161127.87,5,3,4,534,12,Loyal Customers
CUST-01623,Lisa Grant,348,2,16724.010000000002,1,1,1,111,3,Lost Customers
CUST-01624,Amber Hernandez,92,3,61535.18,3,2,3,323,8,Potential Loyalists
CUST-01625,Amanda Nash,55,11,185447.44,3,4,4,344,11,Loyal Customers
CUST-01626,Sara Evans,377,5,58943.08,1,3,3,133,7,At Risk
CUST-01627,Amber Butler,238,4,52551.42,2,2,2,222,6,Lost Customers
CUST-01628,Michael Carr,11,13,254396.68,5,4,5,545,14,Champions
CUST-01629,Unknown Customer,2,5,261270.71000000002,5,3,5,535,13,Loyal Customers
CUST-01630,Jesse Riley,27,6,93993.53,4,3,3,433,10,Loyal Customers
CUST-01631,Anna Evans,14,7,205662.34,5,3,4,534,12,Loyal Customers
CUST-01632,James Jones,252,1,27047.87,1,1,2,112,4,Lost Customers
CUST-01634,Michael Hill,12,2,17450.969999999998,5,1,1,511,7,New Customers
CUST-01636,Ashley Blair,610,1,4524.62,1,1,1,111,3,Lost Customers
CUST-01637,Victoria Webb,80,13,172143.15,3,4,4,344,11,Loyal Customers
CUST-01638,Taylor Andersen,18,4,188163.03,5,2,4,524,11,New Customers
CUST-01639,Lee Stewart,38,4,53632.35,4,2,2,422,8,New Customers
CUST-01641,Justin Stone,5,34,521164.38,5,5,5,555,15,Champions
CUST-01642,Katherine White,159,2,3531.58,2,1,1,211,4,Lost Customers
CUST-01643,Michelle Krause,41,6,65269.16,4,3,3,433,10,Loyal Customers
CUST-01644,Alexander Garrett,43,17,414119.71,4,5,5,455,14,Champions
CUST-01645,Ryan Marsh,44,22,563117.83,4,5,5,455,14,Champions
CUST-01646,Mrs. Felicia Castro DDS,114,2,3728.33,2,1,1,211,4,Lost Customers
CUST-01647,Curtis Campbell,3,14,108638.36,5,5,3,553,13,Loyal Customers
CUST-01649,Aaron Jennings,75,5,111630.59,3,3,3,333,9,Loyal Customers
CUST-01650,Nathaniel Gilbert,484,1,9618.61,1,1,1,111,3,Lost Customers
CUST-01651,Christopher Rivera,36,4,87116.94,4,2,3,423,9,New Customers
CUST-01652,Michael Hendricks,38,11,152195.5,4,4,4,444,12,Champions
CUST-01653,Maria Olson,209,3,6597.5599999999995,2,2,1,221,5,Lost Customers
CUST-01654,Stephanie Herrera,49,6,147234.79,3,3,4,334,10,Loyal Customers
CUST-01655,Richard Gutierrez,54,9,57702.52,3,4,3,343,10,Loyal Customers
CUST-01656,Sandy Evans,205,11,324522.83,2,4,5,245,11,At Risk
CUST-01657,Emily Herrera,681,1,19822.37,1,1,1,111,3,Lost Customers
CUST-01658,Michael Marsh,69,8,98722.1,3,4,3,343,10,Loyal Customers
CUST-01659,Heather Montes,195,3,16603.84,2,2,1,221,5,Lost Customers
CUST-01660,Andre Terrell,79,15,304055.54,3,5,5,355,13,Loyal Customers
CUST-01661,Sarah Duncan,114,8,432702.53,2,4,5,245,11,At Risk
CUST-01662,Kurt Hancock,2,32,458577.45,5,5,5,555,15,Champions
CUST-01663,Michele Edwards,195,2,102144.0,2,1,3,213,6,Needs Attention
CUST-01664,Jason Crawford,453,2,100443.62000000001,1,1,3,113,5,Needs Attention
CUST-01665,Jesse Sampson,300,2,82580.38,1,1,3,113,5,Needs Attention
CUST-01667,Paula Gentry,471,2,36798.060000000005,1,1,2,112,4,Lost Customers
CUST-01668,Alexander Webb,7,24,314278.84,5,5,5,555,15,Champions
CUST-01669,Cheryl Mclean,133,3,76894.72,2,2,3,223,7,Needs Attention
CUST-01671,Shane Short,76,12,125041.66,3,4,4,344,11,Loyal Customers
CUST-01672,Megan Anderson,102,2,30197.949999999997,2,1,2,212,5,Lost Customers
CUST-01673,Julia Reeves,35,11,217719.64,4,4,4,444,12,Champions
CUST-01674,April Randolph,3,7,172925.21,5,4,4,544,13,Champions
CUST-01675,Linda Miller,86,3,71478.81,3,2,3,323,8,Potential Loyalists
CUST-01676,Angel Meyer,176,2,77656.06,2,1,3,213,6,Needs Attention
CUST-01677,Emily Lane,209,1,1527.06,2,1,1,211,4,Lost Customers
CUST-01678,Steven Flores,27,22,387081.5,4,5,5,455,14,Champions
CUST-01679,Donald Flores,454,1,1075.0,1,1,1,111,3,Lost Customers
CUST-01680,Bruce Hernandez,331,3,62682.47,1,2,3,123,6,Needs Attention
CUST-01682,Christine Bell,72,3,25872.32,3,2,2,322,7,Needs Attention
CUST-01683,Charles Bush,18,12,323527.68,5,4,5,545,14,Champions
CUST-01684,David Jones,475,1,6627.1,1,1,1,111,3,Lost Customers
CUST-01685,Gina Wallace,101,8,94098.99,2,4,3,243,9,At Risk
CUST-01686,John Lowe,8,39,484759.24,5,5,5,555,15,Champions
CUST-01687,Unknown Customer,45,9,75003.09,4,4,3,443,11,Loyal Customers
CUST-01688,Kyle Watkins,3,24,305675.89,5,5,5,555,15,Champions
CUST-01689,Melissa Jensen,619,1,28854.26,1,1,2,112,4,Lost Customers
CUST-01690,Robert Marquez,42,3,32638.98,4,2,2,422,8,New Customers
CUST-01691,Kim Beltran,68,2,23841.67,3,1,2,312,6,Needs Attention
CUST-01692,Julie Anderson,98,13,219130.81,3,4,4,344,11,Loyal Customers
CUST-01693,Tamara Mcdonald,18,53,702079.72,5,5,5,555,15,Champions
CUST-01694,Michael Mckinney,25,3,34166.380000000005,4,2,2,422,8,New Customers
CUST-01695,David Walker,225,10,253062.14,2,4,5,245,11,At Risk
CUST-01696,Lisa Durham,560,1,441.42,1,1,1,111,3,Lost Customers
CUST-01697,Michael Ortega,44,4,57836.100000000006,4,2,3,423,9,New Customers
CUST-01698,Sonya Chavez,376,2,44445.67,1,1,2,112,4,Lost Customers
CUST-01699,John Bell,10,46,651164.54,5,5,5,555,15,Champions
CUST-01700,Christopher Tate,235,9,105559.35,2,4,3,243,9,At Risk
CUST-01701,Bethany Garcia,375,3,86088.54,1,2,3,123,6,Needs Attention
CUST-01702,Rebecca Nguyen,201,2,8907.980000000001,2,1,1,211,4,Lost Customers
CUST-01703,Rebecca Patel,13,1,25059.31,5,1,2,512,8,New Customers
CUST-01704,Jason Oliver,636,1,891.36,1,1,1,111,3,Lost Customers
CUST-01705,Valerie Reyes,85,3,68134.47,3,2,3,323,8,Potential Loyalists
CUST-01706,Robert Garza,55,8,220327.53999999998,3,4,4,344,11,Loyal Customers
CUST-01707,Jessica Cobb,98,3,67031.11,3,2,3,323,8,Potential Loyalists
CUST-01708,Cynthia Bates,73,9,85757.7,3,4,3,343,10,Loyal Customers
CUST-01710,Mr. Joel Peters,21,13,188401.01,4,4,4,444,12,Champions
CUST-01711,Unknown Customer,62,14,356677.24,3,5,5,355,13,Loyal Customers
CUST-01712,Brian Cervantes,179,2,105238.25,2,1,3,213,6,Needs Attention
CUST-01713,Jamie Snyder,149,11,171004.76,2,4,4,244,10,At Risk
CUST-01714,Ann Montoya,2,8,169560.30000000002,5,4,4,544,13,Champions
CUST-01715,Stephanie Fields,300,2,10639.18,1,1,1,111,3,Lost Customers
CUST-01716,Charles Hernandez,62,4,96567.9,3,2,3,323,8,Potential Loyalists
CUST-01717,Jean Lane,76,3,28060.21,3,2,2,322,7,Needs Attention
CUST-01718,Michael Stewart,554,2,4332.05,1,1,1,111,3,Lost Customers
CUST-01719,Susan Torres,36,27,280439.81,4,5,5,455,14,Champions
CUST-01720,Jessica Haas,8,13,243411.75,5,4,4,544,13,Champions
CUST-01721,Brandon Smith,96,6,75388.67,3,3,3,333,9,Loyal Customers
CUST-01722,Mrs. Bethany Phillips,172,5,108205.61,2,3,3,233,8,At Risk
CUST-01723,Joshua Brown,45,2,26721.34,4,1,2,412,7,New Customers
CUST-01724,Samantha Howard,46,7,144462.22,4,4,4,444,12,Champions
CUST-01725,Sharon Young,10,10,94733.87,5,4,3,543,12,Loyal Customers
CUST-01726,Jennifer Flores,342,2,49324.009999999995,1,1,2,112,4,Lost Customers
CUST-01727,James Gardner,35,7,392605.98,4,4,5,445,13,Champions
CUST-01728,Karen Lopez,53,7,181784.36000000002,3,4,4,344,11,Loyal Customers
CUST-01729,Tim Larsen,82,7,54399.27,3,4,2,342,9,Needs Attention
CUST-01730,Zachary Santiago,41,3,24876.09,4,2,2,422,8,New Customers
CUST-01731,Benjamin Smith,52,17,163205.43,3,5,4,354,12,Loyal Customers
CUST-01732,Katelyn Kim,628,2,14528.09,1,1,1,111,3,Lost Customers
CUST-01734,Richard Munoz,306,2,84164.35,1,1,3,113,5,Needs Attention
CUST-01735,Christopher Hicks,203,2,31353.980000000003,2,1,2,212,5,Lost Customers
CUST-01736,Joanna Kelly,8,8,83585.33,5,4,3,543,12,Loyal Customers
CUST-01737,Larry Lane,161,2,62073.18,2,1,3,213,6,Needs Attention
CUST-01738,Cynthia Shaw,66,3,49888.850000000006,3,2,2,322,7,Needs Attention
CUST-01739,Joshua Richardson,9,19,353098.93,5,5,5,555,15,Champions
CUST-01740,Laura Bush,23,17,228175.31,4,5,4,454,13,Champions
CUST-01741,John Vaughn,26,18,440830.4,4,5,5,455,14,Champions
CUST-01742,Nicholas Terrell,139,4,161440.78999999998,2,2,4,224,8,Needs Attention
CUST-01743,Dr. Julie Miller,13,8,97577.49,5,4,3,543,12,Loyal Customers
CUST-01744,Ann Kennedy,7,64,1192117.32,5,5,5,555,15,Champions
CUST-01745,Toni Miller,56,7,110775.57999999999,3,4,3,343,10,Loyal Customers
CUST-01747,Greg Osborne,26,1,1237.74,4,1,1,411,6,New Customers
CUST-01748,Jose Harrison,84,3,136760.17,3,2,4,324,9,Potential Loyalists
CUST-01749,Jennifer Yu,10,31,551972.96,5,5,5,555,15,Champions
CUST-01750,Donna Johnson,74,6,106968.86,3,3,3,333,9,Loyal Customers
CUST-01751,Nicole Acosta,171,5,140542.44,2,3,4,234,9,At Risk
CUST-01752,Amy Kennedy,39,2,19335.23,4,1,1,411,6,New Customers
CUST-01753,Anthony Mooney,3,11,138023.81,5,4,4,544,13,Champions
CUST-01754,Lori Mitchell,40,14,252010.72,4,5,5,455,14,Champions
CUST-01755,Jonathan York,7,2,5153.83,5,1,1,511,7,New Customers
CUST-01756,Casey Campbell,13,12,315853.67,5,4,5,545,14,Champions
CUST-01757,Alexis Rodriguez,4,50,814317.69,5,5,5,555,15,Champions
CUST-01758,Kevin Hernandez,76,4,67018.35,3,2,3,323,8,Potential Loyalists
CUST-01759,Robert Green,45,10,194288.97,4,4,4,444,12,Champions
CUST-01760,Kari Lloyd,393,2,29348.28,1,1,2,112,4,Lost Customers
CUST-01761,Grace Miller,45,12,116346.81999999999,4,4,3,443,11,Loyal Customers
CUST-01762,Timothy Moore,68,6,35469.13,3,3,2,332,8,Needs Attention
CUST-01763,Wyatt Townsend II,111,11,303492.86,2,4,5,245,11,At Risk
CUST-01764,Mark Clark,28,13,140731.03,4,4,4,444,12,Champions
CUST-01765,Haley May,289,3,13956.09,1,2,1,121,4,Lost Customers
CUST-01766,Audrey Jackson,75,29,488799.25,3,5,5,355,13,Loyal Customers
CUST-01767,Eric Reese,527,2,39011.09,1,1,2,112,4,Lost Customers
CUST-01768,Kim James,144,4,19954.27,2,2,1,221,5,Lost Customers
CUST-01769,Karen Thomas,12,5,17293.37,5,3,1,531,9,Needs Attention
CUST-01770,Alexandra Ho,41,9,160527.61,4,4,4,444,12,Champions
CUST-01771,Michael Nixon,42,4,109843.20999999999,4,2,3,423,9,New Customers
CUST-01772,Amanda Hardin,3,15,113454.54000000001,5,5,3,553,13,Loyal Customers
CUST-01773,Tina Reynolds,102,19,434226.57,2,5,5,255,12,At Risk
CUST-01774,Shannon Rogers,554,1,3992.97,1,1,1,111,3,Lost Customers
CUST-01775,Brett Pena,2,48,854666.58,5,5,5,555,15,Champions
CUST-01776,Raymond Curry,266,2,5777.52,1,1,1,111,3,Lost Customers
CUST-01777,Leah Lee,38,2,16568.15,4,1,1,411,6,New Customers
CUST-01778,Michael White,41,6,106662.78,4,3,3,433,10,Loyal Customers
CUST-01779,Megan Decker,65,10,198781.44000000003,3,4,4,344,11,Loyal Customers
CUST-01780,Brent Garcia,85,5,118272.5,3,3,3,333,9,Loyal Customers
CUST-01781,Daniel Campbell,32,2,24276.71,4,1,2,412,7,New Customers
CUST-01782,Alexander Davis,204,2,8787.060000000001,2,1,1,211,4,Lost Customers
CUST-01783,Mary Houston,84,3,7115.76,3,2,1,321,6,Needs Attention
CUST-01785,Scott Anderson,27,22,226381.75,4,5,4,454,13,Champions
CUST-01786,Stephanie Knight,17,15,227297.97,5,5,4,554,14,Champions
CUST-01787,Stephanie Dominguez,324,3,30592.19,1,2,2,122,5,Lost Customers
CUST-01788,John Mayer,5,40,700222.5,5,5,5,555,15,Champions
CUST-01790,Steven Carrillo,7,76,1337023.25,5,5,5,555,15,Champions
CUST-01791,Christopher Jones,24,8,77590.04000000001,4,4,3,443,11,Loyal Customers
CUST-01792,Janet Cook,125,7,202364.31000000003,2,4,4,244,10,At Risk
CUST-01793,Tyler Baker,201,2,42876.94,2,1,2,212,5,Lost Customers
CUST-01794,John Mcfarland,10,13,185726.66999999998,5,4,4,544,13,Champions
CUST-01795,Cassandra Vasquez,31,3,41457.83,4,2,2,422,8,New Customers
CUST-01796,Randy Robinson,539,2,26960.45,1,1,2,112,4,Lost Customers
CUST-01798,Benjamin Duncan,399,8,212054.88,1,4,4,144,9,At Risk
CUST-01799,Jeremy Mosley,195,5,24351.62,2,3,2,232,7,Needs Attention
CUST-01800,Martin Fitzpatrick,80,13,208986.23,3,4,4,344,11,Loyal Customers
CUST-01801,Deborah Graves,14,11,112460.20999999999,5,4,3,543,12,Loyal Customers
CUST-01802,Laura Robertson,123,1,1414.38,2,1,1,211,4,Lost Customers
CUST-01803,Katherine Graham,36,11,93663.68000000001,4,4,3,443,11,Loyal Customers
CUST-01804,Priscilla Floyd,320,2,19516.79,1,1,1,111,3,Lost Customers
CUST-01805,April Finley,28,14,236072.6,4,5,4,454,13,Champions
CUST-01806,Karen Bradley,4,15,177777.63,5,5,4,554,14,Champions
CUST-01807,Heather Maldonado,127,5,28780.6,2,3,2,232,7,Needs Attention
CUST-01808,Mark Benjamin,11,15,256762.76,5,5,5,555,15,Champions
CUST-01809,Joseph Woodward,265,3,14584.86,1,2,1,121,4,Lost Customers
CUST-01810,Joe Miranda,44,4,56736.979999999996,4,2,2,422,8,New Customers
CUST-01811,Cassandra Williams,34,19,633928.14,4,5,5,455,14,Champions
CUST-01812,Connor Dominguez,263,2,33420.75,1,1,2,112,4,Lost Customers
CUST-01813,Lydia Howard,124,2,16759.96,2,1,1,211,4,Lost Customers
CUST-01814,Mark Moss,88,5,56608.95,3,3,2,332,8,Needs Attention
CUST-01815,Corey Cortez,46,14,192081.04,4,5,4,454,13,Champions
CUST-01816,Katherine Brown,70,4,32594.739999999998,3,2,2,322,7,Needs Attention
CUST-01817,Elizabeth Ferguson,94,4,84885.83,3,2,3,323,8,Potential Loyalists
CUST-01818,Joann Forbes,43,7,82603.25,4,4,3,443,11,Loyal Customers
CUST-01819,Anthony French,46,19,419462.93000000005,4,5,5,455,14,Champions
CUST-01820,Bruce Roman,706,1,72954.3,1,1,3,113,5,Needs Attention
CUST-01821,Judy Gregory,362,2,90893.34,1,1,3,113,5,Needs Attention
CUST-01822,Brittany Riley,542,1,20160.98,1,1,1,111,3,Lost Customers
CUST-01823,Amanda Thomas,306,3,10987.27,1,2,1,121,4,Lost Customers
CUST-01824,Kaitlin Hardin,36,3,28640.760000000002,4,2,2,422,8,New Customers
CUST-01825,Michael Anderson,340,7,148862.78,1,4,4,144,9,At Risk
CUST-01826,Anthony Parker,111,9,165615.31,2,4,4,244,10,At Risk
CUST-01827,Joy Jackson,154,7,165228.99,2,4,4,244,10,At Risk
CUST-01828,Sabrina Rodriguez,51,3,37189.68,3,2,2,322,7,Needs Attention
CUST-01829,Robert Walker PhD,6,16,274384.77,5,5,5,555,15,Champions
CUST-01830,Robert Hendrix,457,3,61911.95,1,2,3,123,6,Needs Attention
CUST-01831,Erika Daugherty,17,56,856762.47,5,5,5,555,15,Champions
CUST-01832,Brenda Copeland,54,3,29073.83,3,2,2,322,7,Needs Attention
CUST-01833,Pamela Watkins,28,2,5062.76,4,1,1,411,6,New Customers
CUST-01834,Bryan Thomas,136,4,174073.43,2,2,4,224,8,Needs Attention
CUST-01835,Michael Tran,42,4,40801.03,4,2,2,422,8,New Customers
CUST-01836,Timothy Williams,58,8,246882.47999999998,3,4,4,344,11,Loyal Customers
CUST-01837,Ryan Salazar,5,7,94106.85,5,4,3,543,12,Loyal Customers
CUST-01838,Alexis Tucker,77,2,52072.94,3,1,2,312,6,Needs Attention
CUST-01839,Christopher Davis,45,14,230071.12000000002,4,5,4,454,13,Champions
CUST-01840,Stacie Butler,184,4,171216.1,2,2,4,224,8,Needs Attention
CUST-01841,Patricia Schwartz,49,15,184585.22999999998,3,5,4,354,12,Loyal Customers
CUST-01842,Mark Mills,146,1,1227.73,2,1,1,211,4,Lost Customers
CUST-01843,Todd Bishop,62,9,156688.07,3,4,4,344,11,Loyal Customers
CUST-01844,Christopher Porter,113,11,93819.22,2,4,3,243,9,At Risk
CUST-01845,Lori Patton,446,2,30191.019999999997,1,1,2,112,4,Lost Customers
CUST-01846,Aaron Young,266,5,76076.0,1,3,3,133,7,At Risk
CUST-01847,Joseph Davis,10,5,37335.130000000005,5,3,2,532,10,Needs Attention
CUST-01848,Philip Fernandez,158,1,12263.49,2,1,1,211,4,Lost Customers
CUST-01849,Randy Hopkins,301,1,4737.49,1,1,1,111,3,Lost Customers
CUST-01850,Cory Hogan,66,8,227411.08,3,4,4,344,11,Loyal Customers
CUST-01851,Tracy Wells,31,27,304064.26,4,5,5,455,14,Champions
CUST-01852,Michael Williams,2,27,476076.12,5,5,5,555,15,Champions
CUST-01853,Dominique Hamilton,22,9,96521.0,4,4,3,443,11,Loyal Customers
CUST-01854,Robert Chang,44,12,244771.99,4,4,4,444,12,Champions
CUST-01855,Patrick Buckley,14,10,209278.66,5,4,4,544,13,Champions
CUST-01856,Richard Washington,228,4,32964.130000000005,2,2,2,222,6,Lost Customers
CUST-01857,Steven Griffith,5,28,474704.47,5,5,5,555,15,Champions
CUST-01858,Erika Gonzalez,42,8,89405.98999999999,4,4,3,443,11,Loyal Customers
CUST-01859,Erika Maxwell,14,7,66581.68,5,4,3,543,12,Loyal Customers
CUST-01860,Brent Rojas,316,1,7157.38,1,1,1,111,3,Lost Customers
CUST-01861,Jaime Walker,31,3,115268.99,4,2,3,423,9,New Customers
CUST-01862,John Zamora,276,4,35682.72,1,2,2,122,5,Lost Customers
CUST-01863,Timothy Gibson,1,27,570705.85,5,5,5,555,15,Champions
CUST-01864,Chad Cortez,40,4,166250.91999999998,4,2,4,424,10,New Customers
CUST-01865,Vanessa Harris,41,7,61939.729999999996,4,4,3,443,11,Loyal Customers
CUST-01866,Michael Brown,5,57,620465.44,5,5,5,555,15,Champions
CUST-01867,Samuel Ellis,187,1,10304.29,2,1,1,211,4,Lost Customers
CUST-01868,Greg Tanner,35,6,164952.16,4,3,4,434,11,Loyal Customers
CUST-01870,Carolyn Cordova,55,9,142125.05000000002,3,4,4,344,11,Loyal Customers
CUST-01871,Angelica Vincent,14,33,648752.92,5,5,5,555,15,Champions
CUST-01872,Zachary Vargas PhD,55,6,142804.37,3,3,4,334,10,Loyal Customers
CUST-01873,Nicholas Fitzgerald,106,13,166572.69,2,4,4,244,10,At Risk
CUST-01874,Garrett Riley,341,3,38934.52,1,2,2,122,5,Lost Customers
CUST-01875,Leslie Hernandez,1,32,485024.64,5,5,5,555,15,Champions
CUST-01876,Abigail Baird,5,16,160586.18,5,5,4,554,14,Champions
CUST-01877,John Mack,10,16,449771.43000000005,5,5,5,555,15,Champions
CUST-01878,Joseph Mendoza,569,1,22932.17,1,1,2,112,4,Lost Customers
CUST-01879,Samantha Chavez,48,43,388058.26,3,5,5,355,13,Loyal Customers
CUST-01880,Justin Smith,6,12,199016.91,5,4,4,544,13,Champions
CUST-01881,Tiffany Anderson,399,1,5780.64,1,1,1,111,3,Lost Customers
CUST-01882,Matthew Davis,11,12,115990.93,5,4,3,543,12,Loyal Customers
CUST-01883,Eric Warner,254,2,57817.509999999995,1,1,3,113,5,Needs Attention
CUST-01884,Nicole Johnson,31,10,143736.88999999998,4,4,4,444,12,Champions
CUST-01886,Richard Wood,56,12,189532.3,3,4,4,344,11,Loyal Customers
CUST-01887,Mark Dalton,43,7,65378.57,4,4,3,443,11,Loyal Customers
CUST-01888,Steven Cook,290,1,53213.54,1,1,2,112,4,Lost Customers
CUST-01889,Jeffery Nelson,114,1,9074.67,2,1,1,211,4,Lost Customers
CUST-01890,Kimberly Norton,136,1,105895.46,2,1,3,213,6,Needs Attention
CUST-01891,Angela Gilmore,80,6,97534.81,3,3,3,333,9,Loyal Customers
CUST-01892,Amy Dougherty,292,2,108719.06999999999,1,1,3,113,5,Needs Attention
CUST-01893,Stacy Rodriguez,82,5,81010.53,3,3,3,333,9,Loyal Customers
CUST-01894,Manuel Diaz,268,7,44215.62,1,4,2,142,7,Needs Attention
CUST-01895,Justin Jones,10,6,162386.5,5,3,4,534,12,Loyal Customers
CUST-01896,Christine Zavala,259,7,355095.14,1,4,5,145,10,At Risk
CUST-01897,Brian Mendoza,10,2,15448.75,5,1,1,511,7,New Customers
CUST-01898,Lauren Haley,16,22,223036.49,5,5,4,554,14,Champions
CUST-01899,Patrick Perez,6,16,203147.71,5,5,4,554,14,Champions
CUST-01900,Derek Frazier,143,5,117873.65,2,3,3,233,8,At Risk
CUST-01901,Arthur Reed,167,6,38021.82,2,3,2,232,7,Needs Attention
CUST-01902,Mr. Bryan Mckinney,11,20,351456.06,5,5,5,555,15,Champions
CUST-01903,Kim Carter,645,1,4122.01,1,1,1,111,3,Lost Customers
CUST-01904,Rebecca Dougherty,418,2,27719.61,1,1,2,112,4,Lost Customers
CUST-01905,Teresa Jones,349,1,32485.52,1,1,2,112,4,Lost Customers
CUST-01906,Judith Miller,10,10,129639.03,5,4,4,544,13,Champions
CUST-01908,Donald Terry,46,5,38189.44,4,3,2,432,9,Needs Attention
CUST-01909,Shaun Meyer DDS,15,129,2341638.02,5,5,5,555,15,Champions
CUST-01910,Wayne Weaver,34,15,347085.76,4,5,5,455,14,Champions
CUST-01911,Gregory Wallace,124,5,17226.16,2,3,1,231,6,Needs Attention
CUST-01912,Dorothy Brown,93,3,15521.740000000002,3,2,1,321,6,Needs Attention
CUST-01913,Crystal Meza,41,14,289375.81,4,5,5,455,14,Champions
CUST-01914,Jennifer Cooper,114,6,92677.62000000001,2,3,3,233,8,At Risk
CUST-01915,Erin Watkins,255,3,9338.18,1,2,1,121,4,Lost Customers
CUST-01916,Sarah Wallace,164,2,24789.9,2,1,2,212,5,Lost Customers
CUST-01917,Carlos Clarke,66,21,223163.81,3,5,4,354,12,Loyal Customers
CUST-01918,David Washington,43,9,166583.66,4,4,4,444,12,Champions
CUST-01919,Patricia Williams,34,14,206840.71,4,5,4,454,13,Champions
CUST-01920,Jesus Jackson,46,14,161319.50999999998,4,5,4,454,13,Champions
CUST-01921,Michelle Mitchell,16,6,102977.89,5,3,3,533,11,Loyal Customers
CUST-01922,Sara Schwartz,50,6,195613.91999999998,3,3,4,334,10,Loyal Customers
CUST-01923,Brittany Young,38,4,36746.64,4,2,2,422,8,New Customers
CUST-01924,Eugene Martinez,43,5,110706.06999999999,4,3,3,433,10,Loyal Customers
CUST-01925,Cody Hart,58,6,53491.41,3,3,2,332,8,Needs Attention
CUST-01926,Evan Cooper,49,9,312001.31,3,4,5,345,12,Loyal Customers
CUST-01927,Joshua Martin,337,4,64581.310000000005,1,2,3,123,6,Needs Attention
CUST-01928,Thomas Sullivan,69,20,240499.61,3,5,4,354,12,Loyal Customers
CUST-01929,Mr. Jimmy Flores Jr.,128,3,3310.54,2,2,1,221,5,Lost Customers
CUST-01930,Vanessa Rivera,13,8,78942.13,5,4,3,543,12,Loyal Customers
CUST-01931,Kara Roberts,100,4,89995.37,2,2,3,223,7,Needs Attention
CUST-01932,Veronica Berry,263,3,11826.82,1,2,1,121,4,Lost Customers
CUST-01933,Keith Meadows,190,7,84614.6,2,4,3,243,9,At Risk
CUST-01934,Michael Dennis,77,3,6280.66,3,2,1,321,6,Needs Attention
CUST-01935,Brenda Pierce,68,4,61889.399999999994,3,2,3,323,8,Potential Loyalists
CUST-01936,James Randall,79,5,21421.01,3,3,2,332,8,Needs Attention
CUST-01937,Brandon Brown,46,6,101700.82999999999,4,3,3,433,10,Loyal Customers
CUST-01938,Lauren Walker,96,5,82107.07,3,3,3,333,9,Loyal Customers
CUST-01939,Diana Johnson,429,6,35845.27,1,3,2,132,6,Needs Attention
CUST-01940,Jill Powers,50,28,388278.21,3,5,5,355,13,Loyal Customers
CUST-01941,Jorge Lee,21,6,20322.35,4,3,2,432,9,Needs Attention
CUST-01942,Larry Harding,109,6,73842.79,2,3,3,233,8,At Risk
CUST-01943,Heather Hernandez,9,6,33090.11,5,3,2,532,10,Needs Attention
CUST-01944,Jaclyn Watson,50,7,169556.62,3,4,4,344,11,Loyal Customers
CUST-01945,Gregory Madden,36,2,27850.629999999997,4,1,2,412,7,New Customers
CUST-01946,Anita Luna,65,3,34561.64,3,2,2,322,7,Needs Attention
CUST-01947,Willie Lara,167,3,77764.31,2,2,3,223,7,Needs Attention
CUST-01948,Robert Waller,375,2,7798.98,1,1,1,111,3,Lost Customers
CUST-01949,Steven Taylor,65,3,56931.47,3,2,3,323,8,Potential Loyalists
CUST-01951,Sean Hatfield,141,2,22842.11,2,1,2,212,5,Lost Customers
CUST-01952,Tyler Avila,11,51,962072.5,5,5,5,555,15,Champions
CUST-01953,Jason Rocha,223,3,91633.76000000001,2,2,3,223,7,Needs Attention
CUST-01954,Justin Page,32,1,22842.65,4,1,2,412,7,New Customers
CUST-01955,Breanna Lopez,297,2,19749.21,1,1,1,111,3,Lost Customers
CUST-01956,Julian Williams,184,5,51721.8,2,3,2,232,7,Needs Attention
CUST-01957,Sandra Torres,347,1,24253.38,1,1,2,112,4,Lost Customers
CUST-01958,Julie Johnson,19,2,64447.53,4,1,3,413,8,New Customers
CUST-01959,Dennis Blanchard,109,6,90063.12,2,3,3,233,8,At Risk
CUST-01961,Jennifer Vasquez,53,2,6993.43,3,1,1,311,5,Needs Attention
CUST-01963,Zachary Jones,433,1,5366.92,1,1,1,111,3,Lost Customers
CUST-01965,Lori Alvarez,271,4,104820.56,1,2,3,123,6,Needs Attention
CUST-01966,Barbara Hunt,19,9,132372.09,4,4,4,444,12,Champions
CUST-01967,Sarah Martin,162,5,14188.26,2,3,1,231,6,Needs Attention
CUST-01968,Francisco Johns,65,10,219393.42,3,4,4,344,11,Loyal Customers
CUST-01969,Christopher Nelson,144,6,42986.03,2,3,2,232,7,Needs Attention
CUST-01970,Thomas Kelly,22,25,276415.12,4,5,5,455,14,Champions
CUST-01971,Joseph Mayer,9,3,178728.54,5,2,4,524,11,New Customers
CUST-01972,Pamela White,247,1,1347.92,1,1,1,111,3,Lost Customers
CUST-01973,Paul Stephens,321,2,1371.93,1,1,1,111,3,Lost Customers
CUST-01974,Samantha Cohen,176,2,9260.630000000001,2,1,1,211,4,Lost Customers
CUST-01975,Michael Barker,204,4,78657.92,2,2,3,223,7,Needs Attention
CUST-01976,Kevin Morrow,385,3,51275.69,1,2,2,122,5,Lost Customers
CUST-01977,Joseph Watson,34,10,53271.76,4,4,2,442,10,Needs Attention
CUST-01978,Mr. Thomas Garcia,727,1,3065.68,1,1,1,111,3,Lost Customers
CUST-01979,Daniel Lopez,24,9,120231.01,4,4,4,444,12,Champions
CUST-01980,Lisa Guerra,11,125,1892536.34,5,5,5,555,15,Champions
CUST-01981,Kim Arnold,281,2,23548.71,1,1,2,112,4,Lost Customers
CUST-01982,Ashley Stevens,141,4,165006.81999999998,2,2,4,224,8,Needs Attention
CUST-01983,Robert Mclean,86,2,31239.16,3,1,2,312,6,Needs Attention
CUST-01984,Eric Cox,146,7,98350.53,2,4,3,243,9,At Risk
CUST-01985,Stacy Harper,76,3,188070.94,3,2,4,324,9,Potential Loyalists
CUST-01986,Gloria Mckinney,31,26,235164.41,4,5,4,454,13,Champions
CUST-01987,Robert Walker,33,8,206520.13,4,4,4,444,12,Champions
CUST-01988,Brenda Perez,80,6,35453.9,3,3,2,332,8,Needs Attention
CUST-01989,Carlos Miller,358,1,29755.85,1,1,2,112,4,Lost Customers
CUST-01990,Rachel Jones,58,18,321468.06,3,5,5,355,13,Loyal Customers
CUST-01991,Nicole Williams,11,36,497023.81,5,5,5,555,15,Champions
CUST-01992,Ricky Palmer,11,14,313080.81,5,5,5,555,15,Champions
CUST-01993,Bryan King,178,2,15169.32,2,1,1,211,4,Lost Customers
CUST-01994,Michael Webster,105,12,176063.59,2,4,4,244,10,At Risk
CUST-01995,Tamara Harris,204,1,8543.27,2,1,1,211,4,Lost Customers
CUST-01996,Cathy Bell,42,2,255059.19,4,1,5,415,10,New Customers
CUST-01997,Ryan Mcmahon,319,2,7715.589999999999,1,1,1,111,3,Lost Customers
CUST-01998,Hannah Martin,5,3,65620.63,5,2,3,523,10,New Customers
CUST-01999,Monica Allen,28,12,194643.65000000002,4,4,4,444,12,Champions
CUST-02000,Annette Lane,25,3,41676.77,4,2,2,422,8,New Customers
CUST-02001,Daniel Lee,47,5,104265.0,4,3,3,433,10,Loyal Customers
CUST-02002,Steven Medina,292,2,12228.550000000001,1,1,1,111,3,Lost Customers
CUST-02003,Annette Lewis,281,3,18846.989999999998,1,2,1,121,4,Lost Customers
CUST-02005,Jessica Rosario,112,4,13664.76,2,2,1,221,5,Lost Customers
CUST-02006,Henry Gray,44,11,37788.99,4,4,2,442,10,Needs Attention
CUST-02007,Darren Rodriguez,326,2,10652.32,1,1,1,111,3,Lost Customers
CUST-02008,Mrs. Ashley Taylor,164,1,39818.48,2,1,2,212,5,Lost Customers
CUST-02009,Michele Hawkins,315,6,42263.45,1,3,2,132,6,Needs Attention
CUST-02010,Garrett Wilson,2,28,429370.54,5,5,5,555,15,Champions
CUST-02011,Kyle Collins,13,7,106404.33,5,4,3,543,12,Loyal Customers
CUST-02012,Jill Spencer,118,8,88314.87,2,4,3,243,9,At Risk
CUST-02013,Scott Lopez,141,2,31149.66,2,1,2,212,5,Lost Customers
CUST-02014,Ryan Alvarez,155,6,110312.13,2,3,3,233,8,At Risk
CUST-02015,Cassie Lutz,233,1,1243.02,2,1,1,211,4,Lost Customers
CUST-02016,Brian Kim DDS,65,12,321851.74,3,4,5,345,12,Loyal Customers
CUST-02017,Charles Morales,31,23,502622.89,4,5,5,455,14,Champions
CUST-02018,Ashley Schaefer,34,10,75203.66,4,4,3,443,11,Loyal Customers
CUST-02019,Unknown Customer,269,13,118193.06,1,4,3,143,8,At Risk
CUST-02020,Kurt Ewing,88,9,279292.15,3,4,5,345,12,Loyal Customers
CUST-02022,Micheal Perkins,21,24,332751.72000000003,4,5,5,455,14,Champions
CUST-02023,Richard Schneider,123,1,4243.78,2,1,1,211,4,Lost Customers
CUST-02024,John Morrison,111,4,40052.229999999996,2,2,2,222,6,Lost Customers
CUST-02025,John Ramirez,31,5,195257.44,4,3,4,434,11,Loyal Customers
CUST-02027,Mark Taylor Jr.,572,1,255775.15,1,1,5,115,7,Needs Attention
CUST-02028,Barry Gregory,93,2,6512.28,3,1,1,311,5,Needs Attention
CUST-02029,Janet Shelton,52,11,310402.1,3,4,5,345,12,Loyal Customers
CUST-02030,Marco Davis,76,10,64937.09,3,4,3,343,10,Loyal Customers
CUST-02032,Christina Bates,123,2,104466.29000000001,2,1,3,213,6,Needs Attention
CUST-02033,Dennis Cooper PhD,77,10,138819.0,3,4,4,344,11,Loyal Customers
CUST-02034,Tiffany Johnson,444,2,11339.55,1,1,1,111,3,Lost Customers
CUST-02035,Unknown Customer,28,14,363172.64999999997,4,5,5,455,14,Champions
CUST-02036,James Stevens,28,11,126244.73999999999,4,4,4,444,12,Champions
CUST-02037,Justin Dalton,25,14,354428.79,4,5,5,455,14,Champions
CUST-02038,Michael Henry,200,6,99761.76,2,3,3,233,8,At Risk
CUST-02039,Mike Freeman,103,2,14107.87,2,1,1,211,4,Lost Customers
CUST-02040,Michael Keller,52,6,25331.68,3,3,2,332,8,Needs Attention
CUST-02041,Laura Alvarez,23,4,168891.34,4,2,4,424,10,New Customers
CUST-02042,Katie Myers,6,3,68816.86,5,2,3,523,10,New Customers
CUST-02043,Wesley Jensen MD,171,7,277074.62,2,4,5,245,11,At Risk
CUST-02044,Erica Johnson,239,3,5789.24,2,2,1,221,5,Lost Customers
CUST-02045,Russell Bailey,88,15,302527.78,3,5,5,355,13,Loyal Customers
CUST-02046,Alyssa Vance,45,14,190505.96,4,5,4,454,13,Champions
CUST-02047,Brent Reed,8,18,211115.29,5,5,4,554,14,Champions
CUST-02048,Gregory Stanley,62,18,239063.66,3,5,4,354,12,Loyal Customers
CUST-02049,Matthew Watkins,33,6,73257.95,4,3,3,433,10,Loyal Customers
CUST-02050,Ana Torres,6,6,84087.01999999999,5,3,3,533,11,Loyal Customers
CUST-02051,Alejandro Nguyen,253,9,140794.39,1,4,4,144,9,At Risk
CUST-02052,Scott Bradley,14,8,29703.95,5,4,2,542,11,Needs Attention
CUST-02053,Deborah Dominguez,72,8,287812.21,3,4,5,345,12,Loyal Customers
CUST-02054,Victoria Gray,19,11,115226.39,4,4,3,443,11,Loyal Customers
CUST-02055,Kenneth Stokes,55,7,132794.16,3,4,4,344,11,Loyal Customers
CUST-02056,Michael Rogers,20,4,29706.31,4,2,2,422,8,New Customers
CUST-02057,Pamela Morgan,21,3,9026.6,4,2,1,421,7,New Customers
CUST-02058,Heidi Graham,127,5,14588.27,2,3,1,231,6,Needs Attention
CUST-02059,Ryan Cobb PhD,223,1,349.18,2,1,1,211,4,Lost Customers
CUST-02060,Donna Williams,28,19,195802.68,4,5,4,454,13,Champions
CUST-02061,Jennifer Perez PhD,49,6,164920.84,3,3,4,334,10,Loyal Customers
CUST-02063,Austin Solis,440,1,4062.34,1,1,1,111,3,Lost Customers
CUST-02064,Daniel Flynn,69,5,55530.69,3,3,2,332,8,Needs Attention
CUST-02065,Elizabeth Brock,41,6,128042.62000000001,4,3,4,434,11,Loyal Customers
CUST-02066,Joshua Gonzalez,106,3,104314.44,2,2,3,223,7,Needs Attention
CUST-02068,Catherine Smith,156,7,165741.64,2,4,4,244,10,At Risk
CUST-02069,Shari Ray,399,2,24729.77,1,1,2,112,4,Lost Customers
CUST-02070,Victor Harmon,10,11,99590.61,5,4,3,543,12,Loyal Customers
CUST-02071,Timothy Patel,85,5,16042.19,3,3,1,331,7,Needs Attention
CUST-02072,Patricia Hamilton,338,6,42758.75,1,3,2,132,6,Needs Attention
CUST-02073,Lori Boyd,67,1,6251.25,3,1,1,311,5,Needs Attention
CUST-02074,Charles Hernandez,23,80,1509682.85,4,5,5,455,14,Champions
CUST-02075,Elizabeth Graham,82,6,70789.79,3,3,3,333,9,Loyal Customers
CUST-02076,Ronald Brown,19,7,24838.08,4,4,2,442,10,Needs Attention
CUST-02077,Jason Colon,204,2,5669.1,2,1,1,211,4,Lost Customers
CUST-02078,Dawn Burke,51,7,184765.04,3,4,4,344,11,Loyal Customers
CUST-02079,Brian Lee,592,1,2382.34,1,1,1,111,3,Lost Customers
CUST-02080,Ronald Marshall,21,2,49232.17999999999,4,1,2,412,7,New Customers
CUST-02081,Jessica Lucas,27,46,887344.87,4,5,5,455,14,Champions
CUST-02082,Christopher Taylor,26,6,55008.04,4,3,2,432,9,Needs Attention
CUST-02083,Robert Hopkins,198,2,148609.81,2,1,4,214,7,Needs Attention
CUST-02084,Samuel Stuart,489,1,656.02,1,1,1,111,3,Lost Customers
CUST-02085,Mr. Scott Miller,700,2,3905.5200000000004,1,1,1,111,3,Lost Customers
CUST-02086,Sharon Lester,209,1,3584.75,2,1,1,211,4,Lost Customers
CUST-02088,Tony Ramsey,34,17,78600.74,4,5,3,453,12,Loyal Customers
CUST-02089,Brian Navarro,16,3,11407.779999999999,5,2,1,521,8,New Customers
CUST-02090,Kelly Calderon,46,3,251099.72,4,2,5,425,11,New Customers
CUST-02091,Tara King,44,19,355520.32,4,5,5,455,14,Champions
CUST-02092,Cynthia Martinez,211,1,11465.57,2,1,1,211,4,Lost Customers
CUST-02093,Erin Silva,20,31,995314.12,4,5,5,455,14,Champions
CUST-02094,Paul Young,48,6,61755.55,3,3,3,333,9,Loyal Customers
CUST-02095,Charles Thompson,4,28,501425.72000000003,5,5,5,555,15,Champions
CUST-02096,Jessica King,33,12,104102.13,4,4,3,443,11,Loyal Customers
CUST-02097,Katherine Brooks,55,26,314164.93,3,5,5,355,13,Loyal Customers
CUST-02098,Emily Coleman,22,46,804941.18,4,5,5,455,14,Champions
CUST-02099,Tracey Suarez,277,2,70935.4,1,1,3,113,5,Needs Attention
CUST-02100,Heidi Baldwin,4,47,1106394.31,5,5,5,555,15,Champions
CUST-02101,Alisha Rasmussen,71,4,53154.6,3,2,2,322,7,Needs Attention
CUST-02102,Sarah Bates,574,1,7722.1,1,1,1,111,3,Lost Customers
CUST-02103,Melissa Mccormick,125,3,21198.39,2,2,2,222,6,Lost Customers
CUST-02104,Juan Parker,22,16,265200.77999999997,4,5,5,455,14,Champions
CUST-02105,Heidi Burnett,35,2,40101.34,4,1,2,412,7,New Customers
CUST-02106,Sean Mathews,103,5,168175.44,2,3,4,234,9,At Risk
CUST-02107,Theodore Long,94,4,6693.099999999999,3,2,1,321,6,Needs Attention
CUST-02108,Dawn Davis,190,4,40013.81,2,2,2,222,6,Lost Customers
CUST-02109,Cynthia Clark,25,19,283189.46,4,5,5,455,14,Champions
CUST-02110,Sydney Welch,532,1,4897.89,1,1,1,111,3,Lost Customers
CUST-02111,Pamela Sullivan,384,2,1505.24,1,1,1,111,3,Lost Customers
CUST-02112,Sean Morrow,528,2,29820.79,1,1,2,112,4,Lost Customers
CUST-02115,Samantha Hale,246,2,13384.41,1,1,1,111,3,Lost Customers
CUST-02116,Heather Guzman,712,1,1312.04,1,1,1,111,3,Lost Customers
CUST-02117,Nancy Chavez,15,46,565013.79,5,5,5,555,15,Champions
CUST-02118,Anthony May,195,10,134217.72,2,4,4,244,10,At Risk
CUST-02119,Rachel Taylor,52,4,134408.24,3,2,4,324,9,Potential Loyalists
CUST-02120,Mark Edwards,40,1,55610.7,4,1,2,412,7,New Customers
CUST-02121,Christopher Black,180,3,19060.92,2,2,1,221,5,Lost Customers
CUST-02122,Sandra Hines,3,4,43967.229999999996,5,2,2,522,9,New Customers
CUST-02123,Melissa Sparks,20,6,63030.840000000004,4,3,3,433,10,Loyal Customers
CUST-02124,John Moss,53,5,25896.79,3,3,2,332,8,Needs Attention
CUST-02125,Michael Serrano,80,2,30585.18,3,1,2,312,6,Needs Attention
CUST-02126,Christina Perry,6,103,1652848.37,5,5,5,555,15,Champions
CUST-02127,Shawn Duffy,8,19,460850.55,5,5,5,555,15,Champions
CUST-02128,Courtney Vaughan,14,7,73352.72,5,4,3,543,12,Loyal Customers
CUST-02129,Maria Sims,65,10,161262.97,3,4,4,344,11,Loyal Customers
CUST-02130,Valerie Gonzalez,33,9,79366.07,4,4,3,443,11,Loyal Customers
CUST-02131,Caroline Morales,72,2,16548.86,3,1,1,311,5,Needs Attention
CUST-02132,David Davis,350,4,29933.13,1,2,2,122,5,Lost Customers
CUST-02133,Travis Wilson,220,2,32869.73,2,1,2,212,5,Lost Customers
CUST-02134,Jessica Mora,177,2,3447.13,2,1,1,211,4,Lost Customers
CUST-02135,Michael Wilson,52,6,50330.2,3,3,2,332,8,Needs Attention
CUST-02136,Cheryl Atkins,537,1,1535.75,1,1,1,111,3,Lost Customers
CUST-02137,Unknown Customer,24,49,638026.46,4,5,5,455,14,Champions
CUST-02138,Scott Greene,20,17,211901.79,4,5,4,454,13,Champions
CUST-02139,Diane Byrd MD,13,9,21059.99,5,4,2,542,11,Needs Attention
CUST-02140,Charles Roberts,33,7,160865.95,4,4,4,444,12,Champions
CUST-02141,Luke Solomon,21,18,432743.62,4,5,5,455,14,Champions
CUST-02142,Michael Ellis,11,5,132501.01,5,3,4,534,12,Loyal Customers
CUST-02143,Casey Morris,58,8,102430.00000000001,3,4,3,343,10,Loyal Customers
CUST-02145,Nancy Scott,54,16,116846.01999999999,3,5,3,353,11,Loyal Customers
CUST-02146,Anthony Cook,260,4,35361.62,1,2,2,122,5,Lost Customers
CUST-02147,Terry Barajas,32,16,177648.97,4,5,4,454,13,Champions
CUST-02148,Tracy George,2,40,1004247.73,5,5,5,555,15,Champions
CUST-02149,Amber King,574,2,7768.61,1,1,1,111,3,Lost Customers
CUST-02150,Elizabeth Foster,81,4,98711.52,3,2,3,323,8,Potential Loyalists
CUST-02151,Walter Hansen,1,49,801289.5499999999,5,5,5,555,15,Champions
CUST-02152,Debbie Gordon,65,9,177198.87000000002,3,4,4,344,11,Loyal Customers
CUST-02153,Sherry Anderson,11,15,238730.99999999997,5,5,4,554,14,Champions
CUST-02154,Joseph Thomas,26,7,65468.89,4,4,3,443,11,Loyal Customers
CUST-02155,Andrew Anderson,51,4,12874.460000000001,3,2,1,321,6,Needs Attention
CUST-02157,Diane Mcdowell,56,5,15682.86,3,3,1,331,7,Needs Attention
CUST-02158,Pam Baker,28,13,314509.11,4,4,5,445,13,Champions
CUST-02159,Steven Stewart,377,5,37763.44,1,3,2,132,6,Needs Attention
CUST-02160,Pamela Hernandez DVM,46,11,188953.28,4,4,4,444,12,Champions
CUST-02161,Rebecca Brown,75,3,29201.24,3,2,2,322,7,Needs Attention
CUST-02162,David Johnson,3,7,83386.68,5,4,3,543,12,Loyal Customers
CUST-02163,Michael Graham,3,18,251937.16999999998,5,5,5,555,15,Champions
CUST-02164,Tammy Williams MD,2,62,1251209.97,5,5,5,555,15,Champions
CUST-02165,Karina Vasquez,438,6,107787.91,1,3,3,133,7,At Risk
CUST-02166,Sharon Martinez,21,12,265000.62,4,4,5,445,13,Champions
CUST-02167,Sean White,38,11,403392.88,4,4,5,445,13,Champions
CUST-02168,Jordan Nelson,69,5,33504.2,3,3,2,332,8,Needs Attention
CUST-02169,Laurie Silva,31,32,701718.75,4,5,5,455,14,Champions
CUST-02170,Kelly Duncan,87,3,28674.38,3,2,2,322,7,Needs Attention
CUST-02171,Billy Tate,307,1,129683.88,1,1,4,114,6,Needs Attention
CUST-02172,Stacy Johnson,13,8,94366.78,5,4,3,543,12,Loyal Customers
CUST-02173,Melanie Long,83,2,28712.129999999997,3,1,2,312,6,Needs Attention
CUST-02174,Tiffany Hood,141,14,326987.48,2,5,5,255,12,At Risk
CUST-02175,Brad Rivas,79,18,280974.57,3,5,5,355,13,Loyal Customers
CUST-02176,Jordan Moses,37,2,13016.3,4,1,1,411,6,New Customers
CUST-02177,Abigail Booker,9,17,197013.83,5,5,4,554,14,Champions
CUST-02178,Tiffany Nguyen,70,4,120350.65,3,2,4,324,9,Potential Loyalists
CUST-02179,Morgan Bernard,216,5,187998.78,2,3,4,234,9,At Risk
CUST-02180,Christine Williams,140,4,65161.409999999996,2,2,3,223,7,Needs Attention
CUST-02181,Erica Brown,37,22,464649.83999999997,4,5,5,455,14,Champions
CUST-02182,Trevor James,257,1,4191.05,1,1,1,111,3,Lost Customers
CUST-02183,Christopher Hanna,16,4,196620.32,5,2,4,524,11,New Customers
CUST-02184,Ann Phelps,47,6,99290.33,4,3,3,433,10,Loyal Customers
CUST-02185,Richard Mitchell,81,12,272727.18,3,4,5,345,12,Loyal Customers
CUST-02186,Martha Martinez,67,8,146472.30000000002,3,4,4,344,11,Loyal Customers
CUST-02187,Jeffrey Drake MD,191,4,131275.46,2,2,4,224,8,Needs Attention
CUST-02188,Bonnie Wade,445,2,46583.08,1,1,2,112,4,Lost Customers
CUST-02189,Kayla Burns,493,1,697.95,1,1,1,111,3,Lost Customers
CUST-02190,Karen Hart,25,10,91725.36,4,4,3,443,11,Loyal Customers
CUST-02191,Peter Shepherd,215,2,26765.88,2,1,2,212,5,Lost Customers
CUST-02192,Jessica Simmons,675,1,5383.63,1,1,1,111,3,Lost Customers
CUST-02193,Glenn Ford,17,38,776129.65,5,5,5,555,15,Champions
CUST-02194,Michael Moore,66,1,6427.6,3,1,1,311,5,Needs Attention
CUST-02195,Mark Warren IV,5,196,4101206.49,5,5,5,555,15,Champions
CUST-02196,Terry Woods,5,8,143839.79,5,4,4,544,13,Champions
CUST-02197,Carl Leach,17,16,213745.19,5,5,4,554,14,Champions
CUST-02198,Kelly Phillips,18,2,1221.1,5,1,1,511,7,New Customers
CUST-02199,Billy Williams,605,2,3835.73,1,1,1,111,3,Lost Customers
CUST-02200,Jeffery Davis,35,12,218602.05000000002,4,4,4,444,12,Champions
CUST-02201,Laura King,84,14,413952.11,3,5,5,355,13,Loyal Customers
CUST-02202,Brad Gordon,53,14,375240.88,3,5,5,355,13,Loyal Customers
CUST-02203,Matthew White,53,1,7695.92,3,1,1,311,5,Needs Attention
CUST-02204,James Miller,14,16,507063.69,5,5,5,555,15,Champions
CUST-02205,Elizabeth Matthews,23,2,10490.25,4,1,1,411,6,New Customers
CUST-02206,Michael Hanson,42,12,252904.33000000002,4,4,5,445,13,Champions
CUST-02207,Vincent Savage,15,7,111949.94,5,4,3,543,12,Loyal Customers
CUST-02208,Unknown Customer,51,17,166052.6,3,5,4,354,12,Loyal Customers
CUST-02209,Shelby Rodriguez,11,4,77564.51999999999,5,2,3,523,10,New Customers
CUST-02210,Abigail Wilson,54,1,10696.16,3,1,1,311,5,Needs Attention
CUST-02211,John Holt,145,2,23183.42,2,1,2,212,5,Lost Customers
CUST-02212,Tracy Guzman,220,1,18927.36,2,1,1,211,4,Lost Customers
CUST-02213,Mr. William Ward,4,5,138046.29,5,3,4,534,12,Loyal Customers
CUST-02214,Melissa Foster,415,4,25268.489999999998,1,2,2,122,5,Lost Customers
CUST-02215,Calvin Smith,209,4,72292.6,2,3,3,233,8,At Risk
CUST-02216,Alan Waller,590,2,5532.599999999999,1,1,1,111,3,Lost Customers
CUST-02217,Christine Wong,597,1,6274.08,1,1,1,111,3,Lost Customers
CUST-02218,Jessica Garrett,169,7,47436.67,2,4,2,242,8,Needs Attention
CUST-02219,Cheryl Turner,8,34,596739.71,5,5,5,555,15,Champions
CUST-02220,John Johnson,232,1,5577.6,2,1,1,211,4,Lost Customers
CUST-02221,Christian Park,35,39,556357.73,4,5,5,455,14,Champions
CUST-02222,Kaitlyn Heath,63,4,21052.35,3,3,2,332,8,Needs Attention
CUST-02223,Christina Hudson,184,2,56865.62,2,1,2,212,5,Lost Customers
CUST-02224,Amber Smith,321,1,12512.27,1,1,1,111,3,Lost Customers
CUST-02225,Michelle Petty,202,3,170729.22,2,2,4,224,8,Needs Attention
CUST-02226,Nancy Larson,7,11,187885.2,5,4,4,544,13,Champions
CUST-02227,Donna Freeman,78,3,9391.18,3,2,1,321,6,Needs Attention
CUST-02228,Mr. Logan Gregory,21,2,21352.59,4,1,2,412,7,New Customers
CUST-02229,Unknown Customer,88,2,36508.28999999999,3,1,2,312,6,Needs Attention
CUST-02230,Jennifer Stewart,461,5,41186.77,1,3,2,132,6,Needs Attention
CUST-02231,Steven Butler,148,3,189057.86,2,2,4,224,8,Needs Attention
CUST-02232,Johnny Mcmillan,80,3,122981.77,3,2,4,324,9,Potential Loyalists
CUST-02233,Michael Smith,263,2,31375.73,1,1,2,112,4,Lost Customers
CUST-02234,Corey Cooper,36,17,460246.20999999996,4,5,5,455,14,Champions
CUST-02235,Daniel Stout,4,22,466623.58,5,5,5,555,15,Champions
CUST-02236,Lance Kirby,557,1,148688.2,1,1,4,114,6,Needs Attention
CUST-02237,Bonnie Carter,49,16,208772.37,3,5,4,354,12,Loyal Customers
CUST-02239,Morgan Flynn,55,6,166087.93,3,3,4,334,10,Loyal Customers
CUST-02241,Paul Estrada,20,4,24388.239999999998,4,3,2,432,9,Needs Attention
CUST-02242,Curtis Obrien,8,55,1091256.04,5,5,5,555,15,Champions
CUST-02243,Jason Chaney,160,7,200870.12,2,4,4,244,10,At Risk
CUST-02244,Daniel Williams,112,2,3528.6099999999997,2,1,1,211,4,Lost Customers
CUST-02245,Stanley Kelly,33,11,105523.02,4,4,3,443,11,Loyal Customers
CUST-02246,Ronald Kline,271,1,144625.0,1,1,4,114,6,Needs Attention
CUST-02247,Arthur Jordan,49,19,333837.35,3,5,5,355,13,Loyal Customers
CUST-02248,Barbara Walker,41,2,163577.9,4,1,4,414,9,New Customers
CUST-02249,Gerald Kelly,185,3,22774.66,2,2,2,222,6,Lost Customers
CUST-02250,Shawn Adams,50,9,361932.47000000003,3,4,5,345,12,Loyal Customers
CUST-02251,Michael Robertson,26,6,153007.85,4,3,4,434,11,Loyal Customers
CUST-02253,Jim Skinner,368,2,16319.730000000001,1,1,1,111,3,Lost Customers
CUST-02254,Brian Bishop,573,1,3552.89,1,1,1,111,3,Lost Customers
CUST-02255,Theresa Colon,38,7,225239.54,4,4,4,444,12,Champions
CUST-02256,Brian Soto,84,9,196512.51,3,4,4,344,11,Loyal Customers
CUST-02257,Susan Moore,11,17,261330.06,5,5,5,555,15,Champions
CUST-02258,Jeremy Hunter,23,6,222274.57,4,3,4,434,11,Loyal Customers
CUST-02259,Annette Holland,147,9,94676.01999999999,2,4,3,243,9,At Risk
CUST-02260,Chad Allison,103,1,5091.23,2,1,1,211,4,Lost Customers
CUST-02261,Jason Mack,34,11,177127.07,4,4,4,444,12,Champions
CUST-02262,Robert Peterson,37,4,84447.79,4,3,3,433,10,Loyal Customers
CUST-02263,Angela Watson,70,4,68691.85,3,3,3,333,9,Loyal Customers
CUST-02266,Robert Gutierrez,31,6,74792.25,4,3,3,433,10,Loyal Customers
CUST-02267,Jimmy Phelps,351,2,5459.83,1,1,1,111,3,Lost Customers
CUST-02268,Heidi Johnson,1,14,211826.08000000002,5,5,4,554,14,Champions
CUST-02269,Adam Drake,170,3,40397.16,2,2,2,222,6,Lost Customers
CUST-02270,Angela Edwards,16,1,36231.8,5,1,2,512,8,New Customers
CUST-02271,Mrs. Amy Malone,72,5,29522.410000000003,3,3,2,332,8,Needs Attention
CUST-02272,Margaret Orr,125,2,4073.98,2,1,1,211,4,Lost Customers
CUST-02273,Mark Reeves,411,3,8543.59,1,2,1,121,4,Lost Customers
CUST-02274,Kelly Phillips,17,9,81475.36,5,4,3,543,12,Loyal Customers
CUST-02275,Michael Spencer,53,1,2231.04,3,1,1,311,5,Needs Attention
CUST-02276,Patrick Blankenship,143,12,183198.38,2,4,4,244,10,At Risk
CUST-02277,Douglas Rose,404,1,2677.73,1,1,1,111,3,Lost Customers
CUST-02278,Melody Griffin,359,3,36306.79,1,2,2,122,5,Lost Customers
CUST-02279,Joshua Kramer,32,11,77961.94,4,4,3,443,11,Loyal Customers
CUST-02280,Melissa Barron,147,4,20259.54,2,3,2,232,7,Needs Attention
CUST-02281,Jennifer Gonzalez,468,1,2030.42,1,1,1,111,3,Lost Customers
CUST-02282,Unknown Customer,58,5,91688.63,3,3,3,333,9,Loyal Customers
CUST-02283,Natalie Martinez,528,1,707.19,1,1,1,111,3,Lost Customers
CUST-02284,Diane Davis DDS,2,12,272059.52999999997,5,4,5,545,14,Champions
CUST-02285,Nicole Moore,535,2,6941.29,1,1,1,111,3,Lost Customers
CUST-02286,Robert Vargas,44,11,375866.03,4,4,5,445,13,Champions
CUST-02287,Raymond Barber,13,18,278214.9,5,5,5,555,15,Champions
CUST-02288,Mrs. Amy Watson,353,2,16382.880000000001,1,1,1,111,3,Lost Customers
CUST-02289,Heather Williams,18,26,165478.18,5,5,4,554,14,Champions
CUST-02290,Belinda Evans,11,8,193372.99,5,4,4,544,13,Champions
CUST-02291,Jody Bird,26,40,568928.83,4,5,5,455,14,Champions
CUST-02292,Virginia Cunningham,349,1,14184.18,1,1,1,111,3,Lost Customers
CUST-02293,Lori Ferguson,10,11,139974.96,5,4,4,544,13,Champions
CUST-02294,Hayley Mitchell,24,7,184532.59,4,4,4,444,12,Champions
CUST-02295,Michelle Chambers,156,2,81863.89,2,1,3,213,6,Needs Attention
CUST-02296,Kelly Wright,17,13,114817.56,5,4,3,543,12,Loyal Customers
CUST-02297,Kevin Carson,35,8,202749.24000000002,4,4,4,444,12,Champions
CUST-02299,Angela Brown,47,3,6414.62,4,2,1,421,7,New Customers
CUST-02300,Karen Griffin,225,8,91294.89,2,4,3,243,9,At Risk
CUST-02301,Joseph Chapman,5,5,71332.73999999999,5,3,3,533,11,Loyal Customers
CUST-02302,Jennifer Baker,17,39,567199.5,5,5,5,555,15,Champions
CUST-02303,Mr. Jeremiah Galvan MD,1,12,176084.85,5,4,4,544,13,Champions
CUST-02304,Samantha Thomas,32,34,383089.08,4,5,5,455,14,Champions
CUST-02305,Michael Anderson,227,5,160777.09,2,3,4,234,9,At Risk
CUST-02306,Sharon Wilson,16,5,67196.07,5,3,3,533,11,Loyal Customers
CUST-02307,John Francis,185,2,15759.03,2,1,1,211,4,Lost Customers
CUST-02308,Jaclyn Crane,41,9,76089.61,4,4,3,443,11,Loyal Customers
CUST-02309,Jennifer Martinez,73,3,18353.88,3,2,1,321,6,Needs Attention
CUST-02310,Amanda Hernandez,626,1,1069.7,1,1,1,111,3,Lost Customers
CUST-02311,William Turner,353,3,11699.31,1,2,1,121,4,Lost Customers
CUST-02312,Dr. Charles Lawrence,4,32,502412.82,5,5,5,555,15,Champions
CUST-02313,Steven Small,45,5,108681.16,4,3,3,433,10,Loyal Customers
CUST-02314,Robert Burns,7,6,121820.16,5,3,4,534,12,Loyal Customers
CUST-02315,Gregory Harrell,12,4,24041.54,5,3,2,532,10,Needs Attention
CUST-02316,Kenneth Knight,322,2,14417.82,1,1,1,111,3,Lost Customers
CUST-02317,Rachael Alvarez,104,3,37730.590000000004,2,2,2,222,6,Lost Customers
CUST-02318,Lisa Gill,305,1,4224.38,1,1,1,111,3,Lost Customers
CUST-02320,Sean Nguyen,137,7,60783.08,2,4,3,243,9,At Risk
CUST-02321,Mary Ortiz,13,4,48441.91,5,3,2,532,10,Needs Attention
CUST-02322,James Weaver,36,9,152073.68,4,4,4,444,12,Champions
CUST-02323,Stacy Fitzgerald,38,19,322729.50999999995,4,5,5,455,14,Champions
CUST-02324,Sharon Mann,17,4,37295.770000000004,5,3,2,532,10,Needs Attention
CUST-02325,Rebecca Zimmerman,113,8,149264.79,2,4,4,244,10,At Risk
CUST-02326,Becky Hansen,441,1,1622.98,1,1,1,111,3,Lost Customers
CUST-02327,Luke Ray,102,17,262129.24,2,5,5,255,12,At Risk
CUST-02328,Kelly Lopez,188,3,46606.58,2,2,2,222,6,Lost Customers
CUST-02329,Steven Martinez,93,12,242129.27,3,4,4,344,11,Loyal Customers
CUST-02330,Catherine Smith,290,7,163802.66999999998,1,4,4,144,9,At Risk
CUST-02331,Danielle Thornton,378,2,25730.28,1,1,2,112,4,Lost Customers
CUST-02333,Jennifer Williams,229,8,181836.42,2,4,4,244,10,At Risk
CUST-02334,Allison Kim,78,6,145318.12,3,3,4,334,10,Loyal Customers
CUST-02335,Scott Stewart,32,3,25830.82,4,2,2,422,8,New Customers
CUST-02336,Brian Garcia,13,12,122697.83,5,4,4,544,13,Champions
CUST-02337,Charles Scott,408,2,3008.0699999999997,1,1,1,111,3,Lost Customers
CUST-02338,Eric Russell,44,15,611151.99,4,5,5,455,14,Champions
CUST-02340,Anthony Price,22,23,434206.88,4,5,5,455,14,Champions
CUST-02341,Jason Nguyen,46,3,10908.0,4,2,1,421,7,New Customers
CUST-02342,Ronald Martinez,465,2,4388.38,1,1,1,111,3,Lost Customers
CUST-02343,Paul Willis,512,1,768.49,1,1,1,111,3,Lost Customers
CUST-02344,Paul Cruz Jr.,341,3,75664.63,1,2,3,123,6,Needs Attention
CUST-02345,John Russell,439,2,3645.35,1,1,1,111,3,Lost Customers
CUST-02346,Mr. David Mercado,108,1,3581.46,2,1,1,211,4,Lost Customers
CUST-02347,Victor Leonard,1,19,191239.92,5,5,4,554,14,Champions
CUST-02349,Jason Miller,186,3,25477.26,2,2,2,222,6,Lost Customers
CUST-02350,Christina Faulkner,148,2,20513.97,2,1,2,212,5,Lost Customers
CUST-02351,William Casey,701,1,2115.53,1,1,1,111,3,Lost Customers
CUST-02352,Jessica Buck,350,1,47432.79,1,1,2,112,4,Lost Customers
CUST-02354,Donna Stanton,33,8,139471.75,4,4,4,444,12,Champions
CUST-02355,Timothy Olson,104,4,286885.12,2,3,5,235,10,At Risk
CUST-02356,Sara James,321,3,76101.54000000001,1,2,3,123,6,Needs Attention
CUST-02357,Mark Richards,21,11,215268.03,4,4,4,444,12,Champions
CUST-02358,Amber Stevenson,17,3,10003.42,5,2,1,521,8,New Customers
CUST-02359,Elizabeth Foster,94,2,13100.59,3,1,1,311,5,Needs Attention
CUST-02360,Charles Hawkins,4,29,354306.87,5,5,5,555,15,Champions
CUST-02361,Jeffrey Bishop,17,8,77215.28,5,4,3,543,12,Loyal Customers
CUST-02362,Emily Fleming,289,9,172306.96,1,4,4,144,9,At Risk
CUST-02363,Dean Mullins,388,3,14457.68,1,2,1,121,4,Lost Customers
CUST-02364,David Bird,48,14,211486.41,3,5,4,354,12,Loyal Customers
CUST-02365,Joe Greene,11,13,314306.47,5,4,5,545,14,Champions
CUST-02366,Michael Lucas,433,3,6155.1900000000005,1,2,1,121,4,Lost Customers
CUST-02367,John Valenzuela,9,47,516022.72,5,5,5,555,15,Champions
CUST-02368,Jennifer Woodard,170,4,46180.16,2,3,2,232,7,Needs Attention
CUST-02370,Mariah Jones,21,13,126901.49,4,4,4,444,12,Champions
CUST-02371,Ronnie Powers,50,15,211756.99000000002,3,5,4,354,12,Loyal Customers
CUST-02372,Heather Hess,105,1,578.29,2,1,1,211,4,Lost Customers
CUST-02373,Heather Thompson,337,3,19391.04,1,2,1,121,4,Lost Customers
CUST-02374,Melissa Smith,190,2,5764.82,2,1,1,211,4,Lost Customers
CUST-02375,Timothy Wallace,56,3,15469.23,3,2,1,321,6,Needs Attention
CUST-02376,Alejandro Campbell,51,13,95865.79000000001,3,4,3,343,10,Loyal Customers
CUST-02377,Heather Davis,586,2,165130.59,1,1,4,114,6,Needs Attention
CUST-02378,Elizabeth Robbins,594,1,1091.14,1,1,1,111,3,Lost Customers
CUST-02379,Johnny Cox,704,1,26632.28,1,1,2,112,4,Lost Customers
CUST-02380,Tanner Mann,2,1,31634.21,5,1,2,512,8,New Customers
CUST-02381,Craig Nicholson,181,3,33643.09,2,2,2,222,6,Lost Customers
CUST-02382,Sergio Carroll,57,10,244129.94,3,4,4,344,11,Loyal Customers
CUST-02383,Juan Keller MD,41,40,672877.16,4,5,5,455,14,Champions
CUST-02384,Krystal Jones,47,12,131296.81,3,4,4,344,11,Loyal Customers
CUST-02386,Crystal Mills,6,23,731408.8300000001,5,5,5,555,15,Champions
CUST-02387,Cheryl Gregory,62,12,344959.79,3,4,5,345,12,Loyal Customers
CUST-02388,Melissa Patel MD,70,17,331756.9,3,5,5,355,13,Loyal Customers
CUST-02389,Jordan Pace,8,6,279645.57,5,3,5,535,13,Loyal Customers
CUST-02390,Terri Williams,216,3,122167.22,2,2,4,224,8,Needs Attention
CUST-02391,Jessica Carney,82,3,120916.76999999999,3,2,4,324,9,Potential Loyalists
CUST-02393,Peter Stephenson,38,2,7270.0,4,1,1,411,6,New Customers
CUST-02395,Aaron Lee,342,3,57730.37,1,2,3,123,6,Needs Attention
CUST-02396,Kenneth Johnson,2,15,271358.45,5,5,5,555,15,Champions
CUST-02397,Vanessa Coleman,58,3,43989.68,3,2,2,322,7,Needs Attention
CUST-02399,Mark Davis,36,46,812757.5599999999,4,5,5,455,14,Champions
CUST-02400,Robert Watkins,8,31,633353.46,5,5,5,555,15,Champions
CUST-02401,Felicia Wright,55,15,146336.11,3,5,4,354,12,Loyal Customers
CUST-02402,David Peterson,18,83,1307511.23,5,5,5,555,15,Champions
CUST-02403,Gavin Bauer,86,7,112052.28,3,4,3,343,10,Loyal Customers
CUST-02404,Patricia Harvey,11,47,650890.96,5,5,5,555,15,Champions
CUST-02405,Lori Riley,38,2,41138.47,4,1,2,412,7,New Customers
CUST-02406,Antonio Johnson,134,7,124499.47,2,4,4,244,10,At Risk
CUST-02408,Thomas Ramos,411,1,21803.75,1,1,2,112,4,Lost Customers
CUST-02409,Mark Jones,40,1,9489.04,4,1,1,411,6,New Customers
CUST-02410,Kristin Phillips,229,6,101765.61,2,3,3,233,8,At Risk
CUST-02411,Brendan Walton,53,13,243968.05,3,4,4,344,11,Loyal Customers
CUST-02412,Kyle Keller,308,4,31827.0,1,3,2,132,6,Needs Attention
CUST-02414,Lisa Morgan,33,8,38705.45,4,4,2,442,10,Needs Attention
CUST-02415,Rachel Gibson,44,7,121367.89,4,4,4,444,12,Champions
CUST-02416,Corey Garcia,320,3,72705.06,1,2,3,123,6,Needs Attention
CUST-02417,Andrea Clarke,201,6,148917.07,2,3,4,234,9,At Risk
CUST-02418,Kenneth Walsh,82,3,22706.51,3,2,2,322,7,Needs Attention
CUST-02419,Jason Hardy,411,3,17051.72,1,2,1,121,4,Lost Customers
CUST-02420,David Robles,7,35,436887.07,5,5,5,555,15,Champions
CUST-02422,Nicole Collins,35,5,83428.28,4,3,3,433,10,Loyal Customers
CUST-02423,Patricia Hernandez,162,14,347448.26,2,5,5,255,12,At Risk
CUST-02424,Grant Wood,63,9,228732.65000000002,3,4,4,344,11,Loyal Customers
CUST-02426,Jonathon Conley,704,1,3176.46,1,1,1,111,3,Lost Customers
CUST-02428,Terry Glover,234,3,18035.33,2,2,1,221,5,Lost Customers
CUST-02429,Michael Neal,26,5,79098.66,4,3,3,433,10,Loyal Customers
CUST-02431,Lisa Barnes,13,46,903462.1,5,5,5,555,15,Champions
CUST-02432,Jesse Mccormick,10,9,517799.43999999994,5,4,5,545,14,Champions
CUST-02433,Daniel Smith,625,1,19633.34,1,1,1,111,3,Lost Customers
CUST-02434,David Hanson,157,6,72509.22,2,3,3,233,8,At Risk
CUST-02435,Nicholas Cisneros,82,9,68295.13,3,4,3,343,10,Loyal Customers
CUST-02436,Patrick Harris,367,2,104319.55,1,1,3,113,5,Needs Attention
CUST-02437,William Cox,225,3,139167.16,2,2,4,224,8,Needs Attention
CUST-02438,Alvin Wilson,102,14,93927.43,2,5,3,253,10,At Risk
CUST-02439,Cory Willis,164,7,76488.85,2,4,3,243,9,At Risk
CUST-02440,Amanda Johnson,53,3,108500.37,3,2,3,323,8,Potential Loyalists
CUST-02441,Christopher Mcclure,42,9,291533.31,4,4,5,445,13,Champions
CUST-02442,Gina Spencer,6,1,104.93,5,1,1,511,7,New Customers
CUST-02444,Alisha Byrd,264,3,14046.09,1,2,1,121,4,Lost Customers
CUST-02445,Richard Rodriguez,540,1,21981.59,1,1,2,112,4,Lost Customers
CUST-02447,Mary Pugh,24,17,233399.74,4,5,4,454,13,Champions
CUST-02448,Yolanda Keith,2,55,1100414.98,5,5,5,555,15,Champions
CUST-02449,Ana Thomas,1,11,615006.2,5,4,5,545,14,Champions
CUST-02450,Rebecca Lee,16,18,466477.1,5,5,5,555,15,Champions
CUST-02451,James Greene,14,2,149471.68,5,1,4,514,10,New Customers
CUST-02452,Dana Williams,25,35,617705.54,4,5,5,455,14,Champions
CUST-02453,Chelsea Nichols,187,3,64532.020000000004,2,2,3,223,7,Needs Attention
CUST-02454,Erin Brown,46,37,808619.43,4,5,5,455,14,Champions
CUST-02455,Shelley York,2,129,2048206.19,5,5,5,555,15,Champions
CUST-02456,Stacey Clark,20,7,223864.30000000002,4,4,4,444,12,Champions
CUST-02457,John Alvarado,20,56,705737.52,4,5,5,455,14,Champions
CUST-02458,Jordan Potter,159,8,193366.11,2,4,4,244,10,At Risk
CUST-02459,Katrina Jimenez,224,3,54972.240000000005,2,2,2,222,6,Lost Customers
CUST-02460,Frank Brooks,15,2,45006.2,5,1,2,512,8,New Customers
CUST-02461,Michelle Simpson,4,7,254120.03,5,4,5,545,14,Champions
CUST-02462,James Morse,303,2,57331.93,1,1,3,113,5,Needs Attention
CUST-02463,Amanda Robinson,8,3,53958.3,5,2,2,522,9,New Customers
CUST-02464,Scott Foster,16,55,1375374.0,5,5,5,555,15,Champions
CUST-02465,Stephen Duncan,168,3,25618.47,2,2,2,222,6,Lost Customers
CUST-02466,Jacqueline Pierce,26,13,250458.96000000002,4,4,5,445,13,Champions
CUST-02467,Bradley Wallace,25,21,462310.91000000003,4,5,5,455,14,Champions
CUST-02468,Kevin Marshall,13,28,244307.46,5,5,4,554,14,Champions
CUST-02469,Jessica Mcdonald,12,39,471654.72,5,5,5,555,15,Champions
CUST-02470,Robert Stewart,449,1,155827.23,1,1,4,114,6,Needs Attention
CUST-02471,Christopher Hall,13,54,812287.82,5,5,5,555,15,Champions
CUST-02472,Heather Miller,26,13,185984.54,4,4,4,444,12,Champions
CUST-02473,Unknown Customer,110,1,931.69,2,1,1,211,4,Lost Customers
CUST-02474,Tammy Garcia,66,3,9319.25,3,2,1,321,6,Needs Attention
CUST-02475,Andrew Gonzalez,9,10,64587.369999999995,5,4,3,543,12,Loyal Customers
CUST-02476,Gary Turner,431,1,4487.55,1,1,1,111,3,Lost Customers
CUST-02477,Melinda Hill,98,10,347171.62,3,4,5,345,12,Loyal Customers
CUST-02478,Yolanda Murillo,194,8,156257.24000000002,2,4,4,244,10,At Risk
CUST-02479,Nancy Gaines,407,2,15104.630000000001,1,1,1,111,3,Lost Customers
CUST-02480,Elijah Short,45,7,235758.18000000002,4,4,4,444,12,Champions
CUST-02481,Jennifer Sullivan,68,15,343965.83999999997,3,5,5,355,13,Loyal Customers
CUST-02482,Mary Kennedy,533,1,44480.14,1,1,2,112,4,Lost Customers
CUST-02484,Darrell Curry,493,2,34086.17,1,1,2,112,4,Lost Customers
CUST-02485,Jose Hartman,268,4,101787.19,1,3,3,133,7,At Risk
CUST-02486,Miranda Murray,11,25,504376.91000000003,5,5,5,555,15,Champions
CUST-02487,Emily Lopez,174,4,29047.34,2,3,2,232,7,Needs Attention
CUST-02488,Melissa Clark,66,6,63096.659999999996,3,3,3,333,9,Loyal Customers
CUST-02489,Justin Brooks,307,2,14342.380000000001,1,1,1,111,3,Lost Customers
CUST-02490,Bethany Harding,197,2,6044.15,2,1,1,211,4,Lost Customers
CUST-02491,Robert Flowers,34,16,206462.41999999998,4,5,4,454,13,Champions
CUST-02492,Jason Jennings,27,4,30890.61,4,3,2,432,9,Needs Attention
CUST-02493,Richard Medina,199,2,13356.3,2,1,1,211,4,Lost Customers
CUST-02494,Alexander Floyd,410,4,102594.88,1,3,3,133,7,At Risk
CUST-02495,Brittany Cisneros,398,1,25362.08,1,1,2,112,4,Lost Customers
CUST-02496,Mark Morrison,56,6,153182.5,3,3,4,334,10,Loyal Customers
CUST-02497,Sharon Baird,46,6,42341.090000000004,4,3,2,432,9,Needs Attention
CUST-02498,James Ferguson,184,2,54693.35,2,1,2,212,5,Lost Customers
CUST-02499,Brian Hudson,208,4,36100.83,2,3,2,232,7,Needs Attention
CUST-02500,Steven Davis,1,6,62591.4,5,3,3,533,11,Loyal Customers
CUST-02501,Juan Johnson,41,21,586237.92,4,5,5,455,14,Champions
CUST-02502,Katherine Lopez,3,94,1936294.8,5,5,5,555,15,Champions
CUST-02504,Matthew Jones,149,9,54888.99,2,4,2,242,8,Needs Attention
CUST-02505,Joseph Jackson,54,3,161309.93000000002,3,2,4,324,9,Potential Loyalists
CUST-02506,Jennifer Moore,150,7,85770.62999999999,2,4,3,243,9,At Risk
CUST-02507,Joshua Mendoza,3,11,218023.55,5,4,4,544,13,Champions
CUST-02508,Troy Glenn,37,23,397020.56,4,5,5,455,14,Champions
CUST-02509,Daniel Reynolds,5,42,765933.65,5,5,5,555,15,Champions
CUST-02510,Karen Munoz,143,8,112494.73,2,4,3,243,9,At Risk
CUST-02511,Laurie Shaw,148,4,46818.67,2,3,2,232,7,Needs Attention
CUST-02512,Desiree Smith,8,10,269802.53,5,4,5,545,14,Champions
CUST-02513,Austin Ross,14,6,263124.38,5,3,5,535,13,Loyal Customers
CUST-02514,Kelly Kent,24,6,96915.65000000001,4,3,3,433,10,Loyal Customers
CUST-02515,Julia Johnston,117,1,6740.78,2,1,1,211,4,Lost Customers
CUST-02516,Donna Ibarra,4,11,326629.3,5,4,5,545,14,Champions
CUST-02517,Michael Dawson,108,5,51598.25,2,3,2,232,7,Needs Attention
CUST-02518,Louis Patrick,724,1,1065.71,1,1,1,111,3,Lost Customers
CUST-02519,David Yoder,12,26,348596.95999999996,5,5,5,555,15,Champions
CUST-02520,Judith Bartlett,396,2,13738.39,1,1,1,111,3,Lost Customers
CUST-02521,Keith Long,458,3,9607.67,1,2,1,121,4,Lost Customers
CUST-02522,Cynthia Harrell,142,2,58060.34,2,1,3,213,6,Needs Attention
CUST-02524,Melissa Bowen,86,2,88790.57,3,1,3,313,7,Potential Loyalists
CUST-02525,Johnny Riddle,104,5,82573.17,2,3,3,233,8,At Risk
CUST-02526,Unknown Customer,69,19,367602.95,3,5,5,355,13,Loyal Customers
CUST-02527,Randall Nguyen,10,5,61847.93,5,3,3,533,11,Loyal Customers
CUST-02528,David Hunter,37,42,473668.34,4,5,5,455,14,Champions
CUST-02529,Benjamin Neal,27,4,18745.58,4,3,1,431,8,Needs Attention
CUST-02530,Jane Reese,515,2,4987.12,1,1,1,111,3,Lost Customers
CUST-02531,Jennifer Smith,32,5,60338.100000000006,4,3,3,433,10,Loyal Customers
CUST-02532,Thomas Murphy,9,4,26498.019999999997,5,3,2,532,10,Needs Attention
CUST-02533,Kari Jones,169,12,233510.83,2,4,4,244,10,At Risk
CUST-02534,Dana Dodson,13,5,102158.49,5,3,3,533,11,Loyal Customers
CUST-02535,Robert Skinner,457,2,12121.23,1,1,1,111,3,Lost Customers
CUST-02536,Albert Garcia,109,17,393093.73,2,5,5,255,12,At Risk
CUST-02537,Joseph Myers,46,27,466742.88999999996,4,5,5,455,14,Champions
CUST-02538,Phillip Byrd,35,16,230972.93000000002,4,5,4,454,13,Champions
CUST-02539,Hunter Robinson,24,6,24524.43,4,3,2,432,9,Needs Attention
CUST-02540,Michael Robinson,58,21,511308.07,3,5,5,355,13,Loyal Customers
CUST-02541,Sara Cain,48,7,61916.31999999999,3,4,3,343,10,Loyal Customers
CUST-02542,Michelle Prince,193,3,190829.33000000002,2,2,4,224,8,Needs Attention
CUST-02543,Eric Williams,391,3,77631.81,1,2,3,123,6,Needs Attention
CUST-02544,Raymond Wang,441,2,6629.27,1,1,1,111,3,Lost Customers
CUST-02546,Javier Hays,238,2,31319.829999999998,2,1,2,212,5,Lost Customers
CUST-02547,Corey Caldwell,104,10,208176.71,2,4,4,244,10,At Risk
CUST-02548,Stephen Robles,87,2,22746.760000000002,3,1,2,312,6,Needs Attention
CUST-02549,Carol Jackson,419,2,3967.13,1,1,1,111,3,Lost Customers
CUST-02550,Brian Murphy,150,2,19488.910000000003,2,1,1,211,4,Lost Customers
CUST-02551,Chelsey Clark,16,23,198739.08000000002,5,5,4,554,14,Champions
CUST-02552,Teresa Martinez,132,6,114560.88,2,3,3,233,8,At Risk
CUST-02553,Howard Thompson,41,7,90540.51,4,4,3,443,11,Loyal Customers
CUST-02554,Eugene Price,161,13,225540.78,2,4,4,244,10,At Risk
CUST-02555,Austin Briggs,18,11,114755.33,5,4,3,543,12,Loyal Customers
CUST-02556,Jackie Jones,14,4,73045.72,5,3,3,533,11,Loyal Customers
CUST-02557,Eric George,198,6,32324.14,2,3,2,232,7,Needs Attention
CUST-02558,Mrs. Kimberly Mooney,5,9,155756.28,5,4,4,544,13,Champions
CUST-02559,Carolyn Haley,22,12,404229.48000000004,4,4,5,445,13,Champions
CUST-02560,Vicki Horton,584,2,2007.5,1,1,1,111,3,Lost Customers
CUST-02561,Valerie Benson,15,23,239164.9,5,5,4,554,14,Champions
CUST-02562,Mark Henson,66,7,137659.72999999998,3,4,4,344,11,Loyal Customers
CUST-02564,Lee Richards,22,5,55247.100000000006,4,3,2,432,9,Needs Attention
CUST-02565,Martin Hall,102,2,64968.36,2,1,3,213,6,Needs Attention
CUST-02566,Virginia Hall,32,4,95473.86,4,3,3,433,10,Loyal Customers
CUST-02567,Stephanie Parker,16,16,463191.67,5,5,5,555,15,Champions
CUST-02568,Nicole Harvey,129,1,1671.82,2,1,1,211,4,Lost Customers
CUST-02569,James Phillips,447,1,142.4,1,1,1,111,3,Lost Customers
CUST-02570,Dan Johnson,34,7,107576.47,4,4,3,443,11,Loyal Customers
CUST-02572,Erin Ramirez,5,50,863227.11,5,5,5,555,15,Champions
CUST-02574,Maria Roberts,16,5,195424.8,5,3,4,534,12,Loyal Customers
CUST-02575,Ryan Rivera,543,1,30327.78,1,1,2,112,4,Lost Customers
CUST-02576,Joshua Knox,124,3,11654.83,2,2,1,221,5,Lost Customers
CUST-02578,Lisa James,68,9,107878.06,3,4,3,343,10,Loyal Customers
CUST-02579,Jeremy Smith,5,37,369526.97,5,5,5,555,15,Champions
CUST-02580,Andrea Lee,704,1,20040.73,1,1,1,111,3,Lost Customers
CUST-02581,Brenda Harris,43,7,104715.31,4,4,3,443,11,Loyal Customers
CUST-02582,Kevin Guerra,14,9,140440.1,5,4,4,544,13,Champions
CUST-02583,Cynthia Miller,56,17,271675.61,3,5,5,355,13,Loyal Customers
CUST-02584,Emily Griffith,45,4,46022.33,4,3,2,432,9,Needs Attention
CUST-02585,Christopher Wright,293,1,7510.14,1,1,1,111,3,Lost Customers
CUST-02586,Jerome Reid,53,8,102413.71,3,4,3,343,10,Loyal Customers
CUST-02587,Richard Miller,40,9,307225.64,4,4,5,445,13,Champions
CUST-02588,Jennifer Jackson,36,13,88198.76000000001,4,4,3,443,11,Loyal Customers
CUST-02589,Jonathan Moss,9,2,26378.5,5,1,2,512,8,New Customers
CUST-02590,Sally Leon,306,5,110662.09,1,3,3,133,7,At Risk
CUST-02591,James Dickerson,71,18,242378.15,3,5,4,354,12,Loyal Customers
CUST-02592,Tammy Larson,56,7,110413.14,3,4,3,343,10,Loyal Customers
CUST-02593,Nicholas Scott,11,58,972478.51,5,5,5,555,15,Champions
CUST-02594,Jesse Brooks,43,12,163868.84999999998,4,4,4,444,12,Champions
CUST-02595,Andrea Taylor,89,3,66249.08,3,2,3,323,8,Potential Loyalists
CUST-02596,Christopher Lopez,221,5,81037.38,2,3,3,233,8,At Risk
CUST-02597,Jonathan Swanson,20,10,143230.02,4,4,4,444,12,Champions
CUST-02598,Timothy Bentley DVM,162,2,52891.04,2,1,2,212,5,Lost Customers
CUST-02599,John Davidson,49,5,164450.68,3,3,4,334,10,Loyal Customers
CUST-02600,Jennifer Williams,84,6,303206.86,3,3,5,335,11,Loyal Customers
CUST-02601,Janice Cunningham,353,1,1622.98,1,1,1,111,3,Lost Customers
CUST-02602,Jeffrey Scott,35,10,147844.62000000002,4,4,4,444,12,Champions
CUST-02603,Miranda Hicks,62,6,88397.14,3,3,3,333,9,Loyal Customers
CUST-02604,Michael Horton DDS,34,36,716320.27,4,5,5,455,14,Champions
CUST-02605,Nancy Allen,156,1,38618.35,2,1,2,212,5,Lost Customers
CUST-02606,Robert Mccoy,169,5,122623.73000000001,2,3,4,234,9,At Risk
CUST-02607,Melissa Brewer,58,5,123081.14,3,3,4,334,10,Loyal Customers
CUST-02608,Jesus Becker,62,3,31654.16,3,2,2,322,7,Needs Attention
CUST-02609,Lance Lynn,175,10,259681.52,2,4,5,245,11,At Risk
CUST-02610,Alexandria Wise,101,8,112795.7,2,4,3,243,9,At Risk
CUST-02611,Sydney Sanders,46,2,131697.6,4,1,4,414,9,New Customers
CUST-02612,Stephanie Stone,110,7,94801.53,2,4,3,243,9,At Risk
CUST-02613,Jay Gallegos,19,5,68487.44,4,3,3,433,10,Loyal Customers
CUST-02614,Eric Ponce,17,5,65120.05,5,3,3,533,11,Loyal Customers
CUST-02615,Janet Parker,9,25,621877.86,5,5,5,555,15,Champions
CUST-02616,Shawn Luna,3,16,427477.69,5,5,5,555,15,Champions
CUST-02617,Mark Frank,48,13,250327.08000000002,3,4,5,345,12,Loyal Customers
CUST-02618,Charles Goodman,48,6,86270.23000000001,3,3,3,333,9,Loyal Customers
CUST-02619,Jennifer Parker,206,4,29298.54,2,3,2,232,7,Needs Attention
CUST-02620,Dr. April Jones,5,16,210056.08,5,5,4,554,14,Champions
CUST-02621,Kelly Pena,6,14,213208.5,5,5,4,554,14,Champions
CUST-02622,Carolyn Brooks,2,10,368168.4,5,4,5,545,14,Champions
CUST-02623,Christina White,47,22,363169.75,3,5,5,355,13,Loyal Customers
CUST-02624,Joanne Olsen,223,3,44914.29,2,2,2,222,6,Lost Customers
CUST-02625,Anthony White,23,11,102957.58,4,4,3,443,11,Loyal Customers
CUST-02626,Deanna Barrera,612,1,3989.76,1,1,1,111,3,Lost Customers
CUST-02627,Mark Weber,648,1,3981.5,1,1,1,111,3,Lost Customers
CUST-02629,Donald Peterson,8,50,630554.99,5,5,5,555,15,Champions
CUST-02630,Karen Chambers,10,21,573039.7000000001,5,5,5,555,15,Champions
CUST-02631,Antonio Walton,138,7,65992.43000000001,2,4,3,243,9,At Risk
CUST-02632,Kevin Huerta,32,12,191451.3,4,4,4,444,12,Champions
CUST-02633,Joseph Smith,268,3,50933.67999999999,1,2,2,122,5,Lost Customers
CUST-02634,Victoria Juarez,1,31,584482.39,5,5,5,555,15,Champions
CUST-02635,Kara Rogers,5,3,13517.689999999999,5,2,1,521,8,New Customers
CUST-02636,Jacob Wu,80,7,162083.53,3,4,4,344,11,Loyal Customers
CUST-02638,Henry Rivera,226,6,27635.14,2,3,2,232,7,Needs Attention
CUST-02639,Jesus Hale,14,13,406442.24,5,4,5,545,14,Champions
CUST-02640,Stacy Taylor,117,2,8205.51,2,1,1,211,4,Lost Customers
CUST-02642,Robin Richardson,132,12,390047.42,2,4,5,245,11,At Risk
CUST-02644,Cole Andersen,3,11,231062.24,5,4,4,544,13,Champions
CUST-02645,Robin Smith,8,44,787880.01,5,5,5,555,15,Champions
CUST-02646,Angel Aguirre,475,3,21993.44,1,2,2,122,5,Lost Customers
CUST-02647,Jeremy Lawson,227,1,17368.35,2,1,1,211,4,Lost Customers
CUST-02648,Lonnie Miller,89,13,262269.98,3,4,5,345,12,Loyal Customers
CUST-02649,Timothy Galvan,52,7,126944.48,3,4,4,344,11,Loyal Customers
CUST-02650,Dr. Susan Navarro,42,7,376647.61,4,4,5,445,13,Champions
CUST-02651,Cory Thomas,6,31,751000.54,5,5,5,555,15,Champions
CUST-02652,Laura Vincent,17,2,2801.18,5,1,1,511,7,New Customers
CUST-02653,Bethany Robles,319,5,23690.28,1,3,2,132,6,Needs Attention
CUST-02654,Michael Dunn,33,13,293942.6,4,4,5,445,13,Champions
CUST-02655,Carol Griffin,7,20,288274.27,5,5,5,555,15,Champions
CUST-02656,Matthew Allen,104,2,24714.51,2,1,2,212,5,Lost Customers
CUST-02657,Paul Keller,86,8,122316.35,3,4,4,344,11,Loyal Customers
CUST-02658,Jeffrey Baldwin,16,5,42957.299999999996,5,3,2,532,10,Needs Attention
CUST-02659,Timothy Orr,15,5,105901.53,5,3,3,533,11,Loyal Customers
CUST-02660,Connie Scott,286,1,1742.42,1,1,1,111,3,Lost Customers
CUST-02661,Steven Martinez,5,25,337870.51,5,5,5,555,15,Champions
CUST-02663,Michael Wiggins,475,1,1741.54,1,1,1,111,3,Lost Customers
CUST-02664,Pamela Burke,361,4,17510.2,1,3,1,131,5,Needs Attention
CUST-02665,Jamie Love,34,18,628023.64,4,5,5,455,14,Champions
CUST-02666,Jane May,227,10,126431.46,2,4,4,244,10,At Risk
CUST-02667,Savannah Stokes,184,11,114009.71,2,4,3,243,9,At Risk
CUST-02668,Brian Miller,308,4,45979.159999999996,1,3,2,132,6,Needs Attention
CUST-02669,Patrick Pineda,1,8,106967.52,5,4,3,543,12,Loyal Customers
CUST-02670,Audrey Richardson,145,4,125975.4,2,3,4,234,9,At Risk
CUST-02671,Tiffany Ray,15,14,317960.02999999997,5,5,5,555,15,Champions
CUST-02672,Antonio Nichols,9,21,639426.53,5,5,5,555,15,Champions
CUST-02673,Veronica Flores,37,2,9562.5,4,1,1,411,6,New Customers
CUST-02674,Michael Hogan,6,12,70301.03,5,4,3,543,12,Loyal Customers
CUST-02675,Lindsay Walker,219,1,1414.38,2,1,1,211,4,Lost Customers
CUST-02676,Joshua Murray,142,6,161840.16,2,3,4,234,9,At Risk
CUST-02677,Tommy Hood,385,1,16555.32,1,1,1,111,3,Lost Customers
CUST-02678,Mr. Kyle Thomas DDS,3,2,17520.84,5,1,1,511,7,New Customers
CUST-02679,Michele George,86,3,18689.83,3,2,1,321,6,Needs Attention
CUST-02680,William Martinez,203,11,100223.18,2,4,3,243,9,At Risk
CUST-02681,Michelle Mendoza DVM,392,1,133348.93,1,1,4,114,6,Needs Attention
CUST-02682,Michael Bennett DVM,44,6,123246.03,4,3,4,434,11,Loyal Customers
CUST-02683,Ronald Clark,6,2,18500.45,5,1,1,511,7,New Customers
CUST-02684,Rita Graves,166,3,12798.34,2,2,1,221,5,Lost Customers
CUST-02685,Sean White,64,7,91955.88,3,4,3,343,10,Loyal Customers
CUST-02686,Mr. William Hopkins,400,1,40895.86,1,1,2,112,4,Lost Customers
CUST-02687,Wendy Kelley,9,5,28253.059999999998,5,3,2,532,10,Needs Attention
CUST-02688,Michael Mooney,2,12,93303.46,5,4,3,543,12,Loyal Customers
CUST-02689,Jeanne Rose,691,1,2231.04,1,1,1,111,3,Lost Customers
CUST-02690,Michael Lee,161,3,34657.26,2,2,2,222,6,Lost Customers
CUST-02691,Jennifer Anderson,532,1,6446.87,1,1,1,111,3,Lost Customers
CUST-02692,Lauren Trujillo,62,29,431786.84,3,5,5,355,13,Loyal Customers
CUST-02693,Michelle Ellis,21,9,52501.51,4,4,2,442,10,Needs Attention
CUST-02694,Chad Dominguez,6,8,110007.79000000001,5,4,3,543,12,Loyal Customers
CUST-02695,Charles Robinson,92,4,72975.95999999999,3,3,3,333,9,Loyal Customers
CUST-02696,Nancy Smith,488,2,24714.91,1,1,2,112,4,Lost Customers
CUST-02697,Laura Gregory,176,2,20365.04,2,1,2,212,5,Lost Customers
CUST-02698,Brittany Clements MD,155,5,298234.86,2,3,5,235,10,At Risk
CUST-02700,Catherine Williams,204,3,82683.17000000001,2,2,3,223,7,Needs Attention
CUST-02701,Miss Leslie Booker,181,3,112156.41,2,2,3,223,7,Needs Attention
CUST-02702,Jennifer Johnson,23,6,74939.47,4,3,3,433,10,Loyal Customers
CUST-02703,John Watts,14,52,918203.3761557098,5,5,5,555,15,Champions
CUST-02704,Marissa Bennett,84,2,49326.96000000001,3,1,2,312,6,Needs Attention
CUST-02705,Rebecca Barrett,37,5,54161.21,4,3,2,432,9,Needs Attention
CUST-02706,Sharon Santos,419,2,4150.48,1,1,1,111,3,Lost Customers
CUST-02707,Matthew Richardson,13,48,1651014.03,5,5,5,555,15,Champions
CUST-02708,Bradley Burns,167,2,22301.23,2,1,2,212,5,Lost Customers
CUST-02709,Katrina Johnson,44,2,91987.55,4,2,3,423,9,New Customers
CUST-02710,Laura Hill,7,9,84900.65000000001,5,4,3,543,12,Loyal Customers
CUST-02711,Rebecca White,32,10,198549.24,4,4,4,444,12,Champions
CUST-02712,Mr. Jeffrey Duncan,247,4,197557.96000000002,1,3,4,134,8,At Risk
CUST-02713,Arthur Stout,21,4,138980.15,4,3,4,434,11,Loyal Customers
CUST-02714,Cathy Hess,375,5,131964.17,1,3,4,134,8,At Risk
CUST-02715,Justin Herrera,530,1,4360.26,1,1,1,111,3,Lost Customers
CUST-02716,Katherine Stone,53,3,27064.53,3,2,2,322,7,Needs Attention
CUST-02717,Michelle Tyler,176,3,14582.599999999999,2,2,1,221,5,Lost Customers
CUST-02718,Paul Sheppard,632,1,1262.76,1,1,1,111,3,Lost Customers
CUST-02719,Catherine George,440,2,16922.870000000003,1,2,1,121,4,Lost Customers
CUST-02720,Justin Mcbride,127,12,137815.39,2,4,4,244,10,At Risk
CUST-02721,Carl Harris,41,45,553695.9400000001,4,5,5,455,14,Champions
CUST-02722,Justin York,46,8,58149.630000000005,4,4,3,443,11,Loyal Customers
CUST-02723,William Hunter,123,1,52410.62,2,1,2,212,5,Lost Customers
CUST-02724,Joshua Henderson,162,1,26196.63,2,1,2,212,5,Lost Customers
CUST-02725,April Turner,3,36,848723.35,5,5,5,555,15,Champions
CUST-02726,Kelly Patton,110,2,46666.009999999995,2,2,2,222,6,Lost Customers
CUST-02727,Jill Ray,146,2,12380.970000000001,2,2,1,221,5,Lost Customers
CUST-02728,Kelly Andersen,41,5,29238.0,4,3,2,432,9,Needs Attention
CUST-02729,Joshua Clark,112,7,104203.88,2,4,3,243,9,At Risk
CUST-02730,Robert Young,253,12,155894.51,1,4,4,144,9,At Risk
CUST-02731,Elijah Wall,57,4,30936.63,3,3,2,332,8,Needs Attention
CUST-02733,Carl Dean,54,32,709170.26,3,5,5,355,13,Loyal Customers
CUST-02735,Jennifer Miller,149,6,128724.23,2,3,4,234,9,At Risk
CUST-02736,Jeffery Neal,37,11,228497.34,4,4,4,444,12,Champions
CUST-02737,Andrea Oconnor,50,12,291026.0,3,4,5,345,12,Loyal Customers
CUST-02738,Melissa Lee MD,19,4,119231.19,4,3,4,434,11,Loyal Customers
CUST-02739,Samantha Jacobs,415,2,6389.469999999999,1,2,1,121,4,Lost Customers
CUST-02740,Christian Riddle,49,3,119165.57,3,2,4,324,9,Potential Loyalists
CUST-02741,Alexander Munoz,28,25,290090.48000000004,4,5,5,455,14,Champions
CUST-02742,Caleb Rodriguez,18,33,605667.2999999999,4,5,5,455,14,Champions
CUST-02743,Andrea Bowman,81,2,39179.55,3,2,2,322,7,Needs Attention
CUST-02744,Gavin Nelson,102,1,23264.98,2,1,2,212,5,Lost Customers
CUST-02745,Courtney Smith,77,34,423415.94,3,5,5,355,13,Loyal Customers
CUST-02746,Wayne Gray,8,14,204872.72999999998,5,5,4,554,14,Champions
CUST-02747,Timothy Thompson,37,13,323536.57,4,4,5,445,13,Champions
CUST-02748,Elizabeth Nicholson,543,1,6304.18,1,1,1,111,3,Lost Customers
CUST-02749,Joseph Graves PhD,15,9,329635.22,5,4,5,545,14,Champions
CUST-02750,Lisa Mosley,2,7,104407.53,5,4,3,543,12,Loyal Customers
CUST-02751,Travis Price,178,5,123056.56999999999,2,3,4,234,9,At Risk
CUST-02752,Patrick Faulkner,194,5,498293.75,2,3,5,235,10,At Risk
CUST-02755,Brittney Martinez,7,2,14449.0,5,2,1,521,8,New Customers
CUST-02756,Nicolas Brown,119,4,108050.28,2,3,3,233,8,At Risk
CUST-02757,Vanessa Zimmerman,19,33,530241.44,4,5,5,455,14,Champions
CUST-02759,William Lindsey,16,17,426861.97000000003,5,5,5,555,15,Champions
CUST-02760,Desiree Patterson,421,2,77883.20999999999,1,2,3,123,6,Needs Attention
CUST-02761,Sierra Cervantes,50,10,334390.98,3,4,5,345,12,Loyal Customers
CUST-02762,Scott Meza,3,49,762244.1,5,5,5,555,15,Champions
CUST-02763,Erik Davis,237,1,1247.99,2,1,1,211,4,Lost Customers
CUST-02764,Nicholas Duffy,93,2,16269.55,3,2,1,321,6,Needs Attention
CUST-02765,Anthony Paul,290,4,5988.389999999999,1,3,1,131,5,Needs Attention
CUST-02766,Katherine Baxter,129,2,48800.82000000001,2,2,2,222,6,Lost Customers
CUST-02767,Jessica Romero,18,9,166991.17,4,4,4,444,12,Champions
CUST-02768,Karen Robertson,16,31,483399.49,5,5,5,555,15,Champions
CUST-02769,Dr. Melissa Sullivan DDS,66,2,27309.43,3,2,2,322,7,Needs Attention
CUST-02770,Nichole Klein,405,1,3152.04,1,1,1,111,3,Lost Customers
CUST-02771,Nicole Sanchez,31,4,244248.31,4,3,4,434,11,Loyal Customers
CUST-02772,Tiffany Morrow,53,13,197751.72999999998,3,4,4,344,11,Loyal Customers
CUST-02774,Traci Craig,34,7,102615.82,4,4,3,443,11,Loyal Customers
CUST-02775,Kelly Walker,109,11,230559.13,2,4,4,244,10,At Risk
CUST-02776,Ryan Palmer,217,6,198604.13,2,3,4,234,9,At Risk
CUST-02777,Jenny Gray,584,1,2054.15,1,1,1,111,3,Lost Customers
CUST-02778,Brian Sloan,45,10,228563.72,4,4,4,444,12,Champions
CUST-02779,Joshua Miranda,407,2,14964.77,1,2,1,121,4,Lost Customers
CUST-02780,Edwin Carter,392,1,3615.54,1,1,1,111,3,Lost Customers
CUST-02781,Oscar Carroll,38,16,172796.06,4,5,4,454,13,Champions
CUST-02782,Eric Fitzpatrick,32,8,58376.159999999996,4,4,3,443,11,Loyal Customers
CUST-02783,Samantha Johnson,354,2,236150.19,1,2,4,124,7,Needs Attention
CUST-02784,Luke Freeman,84,4,83784.65,3,3,3,333,9,Loyal Customers
CUST-02785,Luis Murphy,73,4,29574.25,3,3,2,332,8,Needs Attention
CUST-02786,Aaron Zamora,78,3,22965.59,3,2,2,322,7,Needs Attention
CUST-02787,Henry Garcia,22,4,28054.489999999998,4,3,2,432,9,Needs Attention
CUST-02788,Bradley Robertson Jr.,24,3,175515.40999999997,4,2,4,424,10,New Customers
CUST-02789,John Moore,419,2,106668.35,1,2,3,123,6,Needs Attention
CUST-02790,Courtney Foster,74,14,145120.15,3,5,4,354,12,Loyal Customers
CUST-02791,Jeffrey White,40,5,125418.72,4,3,4,434,11,Loyal Customers
CUST-02792,Ashley Gonzales,387,7,275047.03,1,4,5,145,10,At Risk
CUST-02793,Candice Gomez,354,3,26993.7,1,2,2,122,5,Lost Customers
CUST-02794,Ian Harrell,22,38,564130.05,4,5,5,455,14,Champions
CUST-02795,Colton Williams,54,15,358997.64999999997,3,5,5,355,13,Loyal Customers
CUST-02796,Patrick Santana,108,17,235267.37,2,5,4,254,11,At Risk
CUST-02797,Cristian Mendoza,63,12,283480.22,3,4,5,345,12,Loyal Customers
CUST-02798,Deborah Fisher,3,40,709219.74,5,5,5,555,15,Champions
CUST-02799,Rebecca Klein,56,8,166922.57,3,4,4,344,11,Loyal Customers
CUST-02800,Phillip Macias,12,1,72.53,5,1,1,511,7,New Customers
CUST-02801,Tammy Cameron,100,9,105614.94,2,4,3,243,9,At Risk
CUST-02802,Brian Rodriguez,115,8,228507.05,2,4,4,244,10,At Risk
CUST-02803,Christopher Porter,24,13,212950.48,4,4,4,444,12,Champions
CUST-02804,Cynthia Gregory,6,6,62212.58,5,3,3,533,11,Loyal Customers
CUST-02805,William Mclaughlin,399,2,80481.08,1,2,3,123,6,Needs Attention
CUST-02806,Dylan Tucker,174,3,20299.93,2,2,2,222,6,Lost Customers
CUST-02807,Danielle Hernandez,5,27,719710.39,5,5,5,555,15,Champions
CUST-02808,Danielle Wang,703,1,3040.99,1,1,1,111,3,Lost Customers
CUST-02809,Wendy Wright,266,3,62528.49,1,2,3,123,6,Needs Attention
CUST-02810,Christina Mccarthy,285,4,50018.89,1,3,2,132,6,Needs Attention
CUST-02811,Meredith Shaw,229,4,35180.770000000004,2,3,2,232,7,Needs Attention
CUST-02812,Willie Garza,21,19,575084.67,4,5,5,455,14,Champions
CUST-02813,Crystal Anderson,15,11,125093.21999999999,5,4,4,544,13,Champions
CUST-02814,William Hickman,42,12,165702.80000000002,4,4,4,444,12,Champions
CUST-02815,Luis Davis,125,3,7554.049999999999,2,2,1,221,5,Lost Customers
CUST-02816,Jason Torres,110,10,229744.34,2,4,4,244,10,At Risk
CUST-02817,Crystal Rogers,42,3,52814.54,4,2,2,422,8,New Customers
CUST-02818,Jordan Schneider,163,4,62943.16,2,3,3,233,8,At Risk
CUST-02819,Derrick Ramirez,125,6,55921.32,2,3,2,232,7,Needs Attention
CUST-02820,Jason Flores,211,4,217325.12,2,3,4,234,9,At Risk
CUST-02821,Andrew Williams,81,7,74002.22,3,4,3,343,10,Loyal Customers
CUST-02822,Christy Kennedy,6,21,298817.9,5,5,5,555,15,Champions
CUST-02823,Unknown Customer,362,1,7893.82,1,1,1,111,3,Lost Customers
CUST-02824,Heidi Torres,3,16,321481.33,5,5,5,555,15,Champions
CUST-02825,Adam Arnold,12,4,230620.86000000002,5,3,4,534,12,Loyal Customers
CUST-02826,Erin Figueroa,325,3,47112.12,1,2,2,122,5,Lost Customers
CUST-02827,Richard Rice,399,1,808.41,1,1,1,111,3,Lost Customers
CUST-02828,Matthew Clark,429,2,84966.04,1,2,3,123,6,Needs Attention
CUST-02829,Stephen Anderson,144,4,106366.14,2,3,3,233,8,At Risk
CUST-02830,Barbara Willis,135,1,11032.54,2,1,1,211,4,Lost Customers
CUST-02831,Martha Lee,147,2,65539.42,2,2,3,223,7,Needs Attention
CUST-02832,Tammy Jones,9,29,648003.17,5,5,5,555,15,Champions
CUST-02833,Grace Swanson,488,1,6325.66,1,1,1,111,3,Lost Customers
CUST-02834,Christina Le MD,252,4,60741.68,1,3,3,133,7,At Risk
CUST-02835,Joshua King,67,5,80023.4,3,3,3,333,9,Loyal Customers
CUST-02836,Sarah Meadows,63,7,181287.51,3,4,4,344,11,Loyal Customers
CUST-02837,Stephanie West,416,3,42887.75,1,2,2,122,5,Lost Customers
CUST-02842,Melissa Yang,135,7,104237.19,2,4,3,243,9,At Risk
CUST-02843,Michael Berg,19,16,260683.65,4,5,5,455,14,Champions
CUST-02844,Carol Christensen,84,15,412581.62,3,5,5,355,13,Loyal Customers
CUST-02845,Richard Morales,65,8,152212.07,3,4,4,344,11,Loyal Customers
CUST-02846,Clinton Moore,474,2,11762.32,1,2,1,121,4,Lost Customers
CUST-02847,Michael Suarez,199,1,3496.08,2,1,1,211,4,Lost Customers
CUST-02848,Joy Zimmerman,77,2,23377.239999999998,3,2,2,322,7,Needs Attention
CUST-02849,Elizabeth Robinson,21,4,58972.2,4,3,3,433,10,Loyal Customers
CUST-02850,Kristen Jackson,22,3,15131.45,4,2,1,421,7,New Customers
CUST-02851,David Williams,79,5,45669.88,3,3,2,332,8,Needs Attention
CUST-02852,Stephen Ho,76,4,155552.33000000002,3,3,4,334,10,Loyal Customers
CUST-02853,Richard Day,5,4,60637.77,5,3,3,533,11,Loyal Customers
CUST-02854,Rodney Nichols,84,18,301320.5,3,5,5,355,13,Loyal Customers
CUST-02855,Gregory Jacobs,4,12,382459.19,5,4,5,545,14,Champions
CUST-02856,Bradley Thornton,198,6,149308.72,2,3,4,234,9,At Risk
CUST-02857,Miranda Ortiz,25,25,416342.13999999996,4,5,5,455,14,Champions
CUST-02858,Erika Brown,35,29,469154.52999999997,4,5,5,455,14,Champions
CUST-02859,Samantha Robinson,383,3,13817.6,1,2,1,121,4,Lost Customers
CUST-02860,Cassandra Bonilla,66,3,76319.17,3,2,3,323,8,Potential Loyalists
CUST-02861,Veronica Osborne,199,5,65641.92,2,3,3,233,8,At Risk
CUST-02862,Ashley Reese,1,26,466656.35,5,5,5,555,15,Champions
CUST-02863,Matthew Berg,14,23,208913.15000000002,5,5,4,554,14,Champions
CUST-02864,Kristen Montoya,157,2,1914.77,2,2,1,221,5,Lost Customers
CUST-02866,Nicole Moore,171,4,71930.02,2,3,3,233,8,At Risk
CUST-02867,Nicholas Richardson,12,2,112084.06,5,2,3,523,10,New Customers
CUST-02869,Scott Lopez,54,20,357744.34,3,5,5,355,13,Loyal Customers
CUST-02870,Nicholas Holland Jr.,39,8,89207.84,4,4,3,443,11,Loyal Customers
CUST-02871,Christopher Long,35,17,178354.89,4,5,4,454,13,Champions
CUST-02872,Andrea Jones,53,18,194611.71,3,5,4,354,12,Loyal Customers
CUST-02873,Terry Waller,38,14,199996.15,4,5,4,454,13,Champions
CUST-02874,Joseph Acosta,108,2,44076.340000000004,2,2,2,222,6,Lost Customers
CUST-02875,Lindsey Gray,14,8,154849.09000000003,5,4,4,544,13,Champions
CUST-02876,Ronald Hines,137,4,64824.32000000001,2,3,3,233,8,At Risk
CUST-02877,Amanda Wright,33,6,122016.51999999999,4,3,4,434,11,Loyal Customers
CUST-02878,Charles Burton,3,1,2206.46,5,1,1,511,7,New Customers
CUST-02879,Vincent Rosario,1,8,219887.53,5,4,4,544,13,Champions
CUST-02880,Noah Morgan,713,1,2433.77,1,1,1,111,3,Lost Customers
CUST-02881,Christina Castillo,20,3,31554.32,4,2,2,422,8,New Customers
CUST-02882,Jill Martin,58,2,12951.35,3,2,1,321,6,Needs Attention
CUST-02883,Christopher Brown,448,1,2401.65,1,1,1,111,3,Lost Customers
CUST-02884,Lori Martinez,66,10,193928.2,3,4,4,344,11,Loyal Customers
CUST-02885,Ashley Phillips,176,9,114716.44,2,4,3,243,9,At Risk
CUST-02886,Sara Thomas,83,6,194173.27,3,3,4,334,10,Loyal Customers
CUST-02887,Allison Simmons,7,4,158814.28,5,3,4,534,12,Loyal Customers
CUST-02888,Matthew Perez,423,1,26786.04,1,1,2,112,4,Lost Customers
CUST-02889,Janice Henson,283,1,45693.43,1,1,2,112,4,Lost Customers
CUST-02890,Ashley Jackson,400,2,11255.900000000001,1,2,1,121,4,Lost Customers
CUST-02891,Brian Sosa,20,23,454432.49,4,5,5,455,14,Champions
CUST-02892,Luis Wilson,588,2,27400.91,1,2,2,122,5,Lost Customers
CUST-02893,Tamara Huang,724,1,8713.34,1,1,1,111,3,Lost Customers
CUST-02894,Cassandra Moreno,98,2,10251.720000000001,3,2,1,321,6,Needs Attention
CUST-02895,Meghan Hernandez,102,3,9198.460000000001,2,2,1,221,5,Lost Customers
CUST-02896,Elizabeth Roth,186,3,33062.67,2,2,2,222,6,Lost Customers
CUST-02897,Brian Hendricks,21,11,63526.78999999999,4,4,3,443,11,Loyal Customers
CUST-02898,Tasha Cochran,310,4,41917.57,1,3,2,132,6,Needs Attention
CUST-02899,Angela Smith,173,1,6933.25,2,1,1,211,4,Lost Customers
CUST-02900,Brittany Rios,43,5,160307.41,4,3,4,434,11,Loyal Customers
CUST-02901,James Griffith,593,2,2528.42,1,2,1,121,4,Lost Customers
CUST-02902,Karen Jones,357,1,23410.6,1,1,2,112,4,Lost Customers
CUST-02903,Tina Ramirez,11,21,135931.46,5,5,4,554,14,Champions
CUST-02904,Zachary White,99,2,121770.57,3,2,4,324,9,Potential Loyalists
CUST-02905,Francisco Coleman,88,9,234441.51,3,4,4,344,11,Loyal Customers
CUST-02907,Robert Valdez,278,4,87464.23,1,3,3,133,7,At Risk
CUST-02908,Jason Crawford,49,6,77747.66,3,3,3,333,9,Loyal Customers
CUST-02909,Kim Underwood,38,12,234632.13999999998,4,4,4,444,12,Champions
CUST-02910,Kevin Fisher,148,9,94285.9,2,4,3,243,9,At Risk
CUST-02911,Melissa Goodman,345,1,2892.43,1,1,1,111,3,Lost Customers
CUST-02912,Cynthia Smith,385,4,38114.6,1,3,2,132,6,Needs Attention
CUST-02914,Amy Bailey,26,15,378063.83999999997,4,5,5,455,14,Champions
CUST-02915,Sharon Fuentes,130,5,210431.87000000002,2,3,4,234,9,At Risk
CUST-02916,Charles Castaneda,3,2,88785.72,5,2,3,523,10,New Customers
CUST-02917,Susan Sanchez,336,2,23060.33,1,2,2,122,5,Lost Customers
CUST-02918,Amy Taylor,174,8,164959.09,2,4,4,244,10,At Risk
CUST-02920,Vincent Watson,159,4,95108.31999999999,2,3,3,233,8,At Risk
CUST-02921,Mary Jones,303,1,691.59,1,1,1,111,3,Lost Customers
CUST-02922,Sheila Johnson,42,10,109791.86,4,4,3,443,11,Loyal Customers
CUST-02923,Bob Jones,206,1,2641.86,2,1,1,211,4,Lost Customers
CUST-02924,Robin Hernandez,73,4,96979.98999999999,3,3,3,333,9,Loyal Customers
CUST-02925,Patrick Adkins,52,14,386549.74,3,5,5,355,13,Loyal Customers
CUST-02927,Richard Dominguez,388,3,10531.810000000001,1,2,1,121,4,Lost Customers
CUST-02928,Christopher Ibarra,337,5,205674.31,1,3,4,134,8,At Risk
CUST-02930,Ronnie Frazier,13,16,152878.21000000002,5,5,4,554,14,Champions
CUST-02931,Kristen Gallegos,381,1,427.88,1,1,1,111,3,Lost Customers
CUST-02932,Kathryn Fletcher,127,5,144410.39,2,3,4,234,9,At Risk
CUST-02933,Christopher Dudley,43,5,67510.6,4,3,3,433,10,Loyal Customers
CUST-02934,Vanessa Martinez,74,8,336299.72000000003,3,4,5,345,12,Loyal Customers
CUST-02935,Manuel Robinson,1,10,174577.43,5,4,4,544,13,Champions
CUST-02936,Paul Hansen,109,3,17324.19,2,2,1,221,5,Lost Customers
CUST-02937,Rose Mcdonald,39,3,80103.76000000001,4,2,3,423,9,New Customers
CUST-02938,Martin Wilcox,20,8,161723.58000000002,4,4,4,444,12,Champions
CUST-02939,Robert Lucas,448,1,20097.31,1,1,1,111,3,Lost Customers
CUST-02940,Brian Miller,25,10,196030.13999999996,4,4,4,444,12,Champions
CUST-02941,Sarah Johnson,79,16,510869.12,3,5,5,355,13,Loyal Customers
CUST-02942,Joshua Jones,57,11,187475.48,3,4,4,344,11,Loyal Customers
CUST-02943,Nicole Parker,110,7,115457.79,2,4,3,243,9,At Risk
CUST-02945,William Cunningham,141,9,164711.56,2,4,4,244,10,At Risk
CUST-02946,Rachel Williams,148,3,46401.78,2,2,2,222,6,Lost Customers
CUST-02947,Tony Smith,320,1,1563.16,1,1,1,111,3,Lost Customers
CUST-02948,Douglas Sanders,27,17,327482.83,4,5,5,455,14,Champions
CUST-02949,Paul Swanson,5,24,333946.82,5,5,5,555,15,Champions
CUST-02950,Michele Davis,52,7,118495.5,3,4,3,343,10,Loyal Customers
CUST-02952,Brittany Matthews,84,1,4362.06,3,1,1,311,5,Needs Attention
CUST-02953,Kevin Christian,54,16,403972.03,3,5,5,355,13,Loyal Customers
CUST-02954,Christian Ford,15,18,596287.1799999999,5,5,5,555,15,Champions
CUST-02955,Anna Higgins,3,3,72948.22,5,2,3,523,10,New Customers
CUST-02956,Rhonda Pena,323,1,24532.82,1,1,2,112,4,Lost Customers
CUST-02957,Candace Stuart,18,20,176849.84,4,5,4,454,13,Champions
CUST-02958,Monica Curtis,52,12,405890.37,3,4,5,345,12,Loyal Customers
CUST-02959,Gloria Floyd,50,6,100305.56000000001,3,3,3,333,9,Loyal Customers
CUST-02960,Isaac Chase,6,32,517823.58,5,5,5,555,15,Champions
CUST-02961,Steven Schroeder,346,1,5870.84,1,1,1,111,3,Lost Customers
CUST-02962,Daniel Bishop,181,3,10945.28,2,2,1,221,5,Lost Customers
CUST-02963,Christian Burton,1,2,3746.2,5,2,1,521,8,New Customers
CUST-02964,Robert Thomas PhD,79,4,36486.63,3,3,2,332,8,Needs Attention
CUST-02965,Tracy Harrington,69,12,195381.31,3,4,4,344,11,Loyal Customers
CUST-02966,Brandon Edwards,107,3,40123.450000000004,2,2,2,222,6,Lost Customers
CUST-02967,Candice Ramirez,7,148,3206314.99,5,5,5,555,15,Champions
CUST-02968,Brandon White,180,7,73416.49,2,4,3,243,9,At Risk
CUST-02969,Deanna Kennedy,235,1,56920.34,2,1,3,213,6,Needs Attention
CUST-02970,Shawn Santos,310,2,12212.95,1,2,1,121,4,Lost Customers
CUST-02971,Caleb Carroll,331,2,12531.4,1,2,1,121,4,Lost Customers
CUST-02972,Scott Morales,284,1,2756.11,1,1,1,111,3,Lost Customers
CUST-02974,Ryan Crane,71,3,54228.05,3,2,2,322,7,Needs Attention
CUST-02975,Michael Hunter,271,4,51135.76,1,3,2,132,6,Needs Attention
CUST-02976,Shawn Fleming,19,12,711308.14,4,4,5,445,13,Champions
CUST-02977,Maria Figueroa,32,7,118227.45,4,4,3,443,11,Loyal Customers
CUST-02978,Roberto Smith,72,15,210911.31,3,5,4,354,12,Loyal Customers
CUST-02980,Benjamin Price,14,4,21149.149999999998,5,3,2,532,10,Needs Attention
CUST-02981,Brandon Owens,94,5,21446.49,3,3,2,332,8,Needs Attention
CUST-02982,Stephanie Marshall,109,4,219264.28,2,3,4,234,9,At Risk
CUST-02983,Nicholas Lowery,525,1,1627.21,1,1,1,111,3,Lost Customers
CUST-02984,Patricia Gonzalez,9,16,524909.13,5,5,5,555,15,Champions
CUST-02985,Evan Davies,19,12,113559.89000000001,4,4,3,443,11,Loyal Customers
CUST-02986,Dr. John Ramirez,216,8,87732.66,2,4,3,243,9,At Risk
CUST-02987,Christopher Harrison,357,1,22479.27,1,1,2,112,4,Lost Customers
CUST-02988,Erica Johnson,2,11,111951.95999999999,5,4,3,543,12,Loyal Customers
CUST-02989,Jamie Mayer,186,5,83895.98,2,3,3,233,8,At Risk
CUST-02990,Jeffrey Kennedy,25,11,133308.93,4,4,4,444,12,Champions
CUST-02991,Sean Cisneros,180,7,97551.55,2,4,3,243,9,At Risk
CUST-02992,Debra Reid,5,17,249420.82,5,5,5,555,15,Champions
CUST-02993,Benjamin Sullivan,48,2,5884.48,3,2,1,321,6,Needs Attention
CUST-02994,Michael Savage,140,1,16122.22,2,1,1,211,4,Lost Customers
CUST-02995,Mckenzie Green,44,6,210507.42999999996,4,3,4,434,11,Loyal Customers
CUST-02996,Anna Valenzuela,12,9,127568.67,5,4,4,544,13,Champions
CUST-02997,Paul Martin,40,14,541544.14,4,5,5,455,14,Champions
CUST-02998,Jason Alvarez,135,3,40885.03,2,2,2,222,6,Lost Customers
CUST-02999,Caitlyn Horton,285,1,54695.24,1,1,2,112,4,Lost Customers
CUST-03000,Michael Price,1,14,265750.83999999997,5,5,5,555,15,Champions
CUST-03001,Richard Harper,16,13,306362.56,5,4,5,545,14,Champions
CUST-03002,Michael Jensen,8,25,237337.5,5,5,4,554,14,Champions
CUST-03003,William Mcmillan,65,6,73980.94,3,3,3,333,9,Loyal Customers
CUST-03004,Nancy Stewart,246,7,158354.99,1,4,4,144,9,At Risk
CUST-03005,Jimmy Hernandez,44,6,20956.239999999998,4,3,2,432,9,Needs Attention
CUST-03006,Ashley Cordova,7,26,325469.02999999997,5,5,5,555,15,Champions
CUST-03007,Joseph Smith,170,4,87304.12,2,3,3,233,8,At Risk
CUST-03008,Ronnie Martinez,20,3,60374.159999999996,4,2,3,423,9,New Customers
CUST-03009,Wayne Davis,45,2,47970.53,4,2,2,422,8,New Customers
CUST-03010,William Fisher,18,6,195102.33000000002,4,3,4,434,11,Loyal Customers
CUST-03011,Carol Gray,39,10,290181.86,4,4,5,445,13,Champions
CUST-03012,Tristan Bonilla,102,5,69711.04000000001,2,3,3,233,8,At Risk
CUST-03013,Alexis Cervantes,196,2,11052.71,2,2,1,221,5,Lost Customers
CUST-03014,Steven Shaw,165,2,46645.92,2,2,2,222,6,Lost Customers
CUST-03015,Melissa Banks,313,2,14872.46,1,2,1,121,4,Lost Customers
CUST-03016,Jason Bell,19,3,17134.3,4,2,1,421,7,New Customers
CUST-03017,Kelly Hubbard,54,6,21207.96,3,3,2,332,8,Needs Attention
CUST-03018,Christopher Patterson,1,31,599031.63,5,5,5,555,15,Champions
CUST-03019,Kurt Daniels,33,7,52070.74,4,4,2,442,10,Needs Attention
CUST-03020,Ryan Barker,5,8,65512.25,5,4,3,543,12,Loyal Customers
CUST-03021,Douglas Oliver,63,2,16061.88,3,2,1,321,6,Needs Attention
CUST-03022,Shannon Cowan,150,3,32415.98,2,2,2,222,6,Lost Customers
CUST-03023,Ashley Banks,167,4,41558.47,2,3,2,232,7,Needs Attention
CUST-03024,Jennifer Crawford,18,16,256235.18,4,5,5,455,14,Champions
CUST-03025,Tammy Garcia,34,5,68641.55,4,3,3,433,10,Loyal Customers
CUST-03026,Kevin Johnson,64,13,163750.80000000002,3,4,4,344,11,Loyal Customers
CUST-03027,Jason Walker,223,4,45582.03,2,3,2,232,7,Needs Attention
CUST-03028,James Gonzalez,38,9,144947.93000000002,4,4,4,444,12,Champions
CUST-03029,Caleb Ponce,324,2,6852.83,1,2,1,121,4,Lost Customers
CUST-03030,Jennifer Hoover,31,37,321252.58,4,5,5,455,14,Champions
CUST-03031,Natalie Smith,8,10,146004.25,5,4,4,544,13,Champions
CUST-03032,Danny Campbell,354,3,55541.770000000004,1,2,2,122,5,Lost Customers
CUST-03033,Deborah Roberson,179,5,190114.18,2,3,4,234,9,At Risk
CUST-03034,Jennifer Allen,201,2,7733.900000000001,2,2,1,221,5,Lost Customers
CUST-03035,Jennifer Smith,58,10,58709.79,3,4,3,343,10,Loyal Customers
CUST-03036,James Montoya,587,2,25691.489999999998,1,2,2,122,5,Lost Customers
CUST-03037,Lindsay Rogers,196,3,74076.58,2,2,3,223,7,Needs Attention
CUST-03038,Wendy Allen,133,4,47676.99,2,3,2,232,7,Needs Attention
CUST-03039,Cheryl Newman,33,14,182595.05,4,5,4,454,13,Champions
CUST-03040,Rebecca Lane,72,18,342899.55,3,5,5,355,13,Loyal Customers
CUST-03041,Mark Madden,139,13,365289.76,2,4,5,245,11,At Risk
CUST-03042,Tanner Holmes,115,13,493604.79000000004,2,4,5,245,11,At Risk
CUST-03043,Brett Owen,5,3,83043.32,5,2,3,523,10,New Customers
CUST-03044,Lynn Mueller,218,1,1346.26,2,1,1,211,4,Lost Customers
CUST-03045,Lori Green,87,9,233460.5,3,4,4,344,11,Loyal Customers
CUST-03046,Tiffany Harris,716,1,1675.58,1,1,1,111,3,Lost Customers
CUST-03047,Jeffrey Fuller,210,4,57890.82,2,3,3,233,8,At Risk
CUST-03048,Alyssa Zimmerman,71,1,2557.77,3,1,1,311,5,Needs Attention
CUST-03049,Angela Reyes,4,4,182492.02,5,3,4,534,12,Loyal Customers
CUST-03051,Heather Allen,34,16,128442.78,4,5,4,454,13,Champions
CUST-03052,Elizabeth Nichols,172,3,68956.76,2,2,3,223,7,Needs Attention
CUST-03053,Richard Hartman,285,4,11475.36,1,3,1,131,5,Needs Attention
CUST-03054,Mary Hill,566,1,1744.36,1,1,1,111,3,Lost Customers
CUST-03055,Lori Little,28,8,35695.14,4,4,2,442,10,Needs Attention
CUST-03056,Ashley Stevens,603,2,4529.56,1,2,1,121,4,Lost Customers
CUST-03057,Ashley Campbell,41,15,422025.43,4,5,5,455,14,Champions
CUST-03058,Anna Snyder,184,17,430790.48,2,5,5,255,12,At Risk
CUST-03059,Ryan Myers,38,1,392.38,4,1,1,411,6,New Customers
CUST-03060,Alex Jones DVM,11,26,522548.69,5,5,5,555,15,Champions
CUST-03061,Michael Brooks,8,132,2728544.67,5,5,5,555,15,Champions
CUST-03062,Terry Stokes,38,15,180733.66,4,5,4,454,13,Champions
CUST-03063,Adam White,103,5,54422.53999999999,2,3,2,232,7,Needs Attention
CUST-03064,Lisa Johnson,472,2,23808.579999999998,1,2,2,122,5,Lost Customers
CUST-03065,Wendy Webb,202,2,5461.0199999999995,2,2,1,221,5,Lost Customers
CUST-03066,Kimberly Moore,234,1,4568.53,2,1,1,211,4,Lost Customers
CUST-03067,Tammy Lee,685,1,7282.86,1,1,1,111,3,Lost Customers
CUST-03068,Alexander Hunt,1,251,3767803.44,5,5,5,555,15,Champions
CUST-03069,Sean Wilson,418,3,54510.66,1,2,2,122,5,Lost Customers
CUST-03070,Garrett Robinson,132,9,174840.52000000002,2,4,4,244,10,At Risk
CUST-03071,Teresa Adams,12,10,97864.44,5,4,3,543,12,Loyal Customers
CUST-03072,Dr. Gregory Arnold,106,15,220046.69,2,5,4,254,11,At Risk
CUST-03073,Patrick Simpson,2,190,3375449.2199999997,5,5,5,555,15,Champions
CUST-03074,Jennifer Lee,268,1,5805.12,1,1,1,111,3,Lost Customers
CUST-03075,Michael Clay,351,1,6952.7,1,1,1,111,3,Lost Customers
CUST-03076,James Silva,235,4,139630.09999999998,2,3,4,234,9,At Risk
CUST-03077,Emily Bauer,58,1,4758.46,3,1,1,311,5,Needs Attention
CUST-03079,Paul Cabrera,296,5,38259.39,1,3,2,132,6,Needs Attention
CUST-03080,Lisa Patterson,89,11,93497.54000000001,3,4,3,343,10,Loyal Customers
CUST-03081,Jacqueline Chen,368,5,55840.5,1,3,2,132,6,Needs Attention
CUST-03082,Christopher Johnson,56,3,87049.22,3,2,3,323,8,Potential Loyalists
CUST-03083,Laurie Carter,133,6,55470.02,2,3,2,232,7,Needs Attention
CUST-03084,Maria Sanford,51,4,193021.94000000003,3,3,4,334,10,Loyal Customers
CUST-03086,Richard Howard,22,12,488329.77999999997,4,4,5,445,13,Champions
CUST-03087,Matthew Watson,123,7,169594.19,2,4,4,244,10,At Risk
CUST-03088,Barbara Flores,39,8,313741.78,4,4,5,445,13,Champions
CUST-03089,Gary Marshall,480,1,214611.25,1,1,4,114,6,Needs Attention
CUST-03090,Stephanie Hoffman,77,10,114746.02,3,4,3,343,10,Loyal Customers
CUST-03091,Lance Rose,64,6,73436.92,3,3,3,333,9,Loyal Customers
CUST-03092,Donald Franklin,74,5,83042.07,3,3,3,333,9,Loyal Customers
CUST-03093,Shannon Jones,344,5,192046.79,1,3,4,134,8,At Risk
CUST-03094,Jennifer Avila,33,18,194001.28,4,5,4,454,13,Champions
CUST-03095,Francisco Gonzalez,341,7,143169.16,1,4,4,144,9,At Risk
CUST-03096,Kathleen Mooney,103,4,41964.57,2,3,2,232,7,Needs Attention
CUST-03097,Caleb Jackson,2,91,1172280.64,5,5,5,555,15,Champions
CUST-03098,James Ray,18,8,121602.64,4,4,4,444,12,Champions
CUST-03099,Mason Chase,300,5,108890.06999999999,1,3,3,133,7,At Risk
CUST-03100,Susan Mitchell DVM,101,10,374633.38,2,4,5,245,11,At Risk
CUST-03101,Steven Hull,99,6,84883.18,3,3,3,333,9,Loyal Customers
CUST-03102,Matthew Jones,291,3,126712.31,1,2,4,124,7,Needs Attention
CUST-03103,Robert Cummings,86,6,140067.02000000002,3,3,4,334,10,Loyal Customers
CUST-03104,Paul Ross,1,21,332357.95,5,5,5,555,15,Champions
CUST-03105,Emily Salazar,25,27,604768.42,4,5,5,455,14,Champions
CUST-03106,Michael Gibson,457,4,62666.240000000005,1,3,3,133,7,At Risk
CUST-03107,Tracy Martinez,48,6,102185.56,3,3,3,333,9,Loyal Customers
CUST-03108,Luke Johnson,465,2,152089.52000000002,1,2,4,124,7,Needs Attention
CUST-03109,Adam Garcia,2,116,3200643.62,5,5,5,555,15,Champions
CUST-03110,Michael Graham,3,53,580406.63,5,5,5,555,15,Champions
CUST-03111,Corey Barrera,53,9,94920.42000000001,3,4,3,343,10,Loyal Customers
CUST-03112,Steven Mayo,11,9,104553.56000000001,5,4,3,543,12,Loyal Customers
CUST-03113,Shawna Green,80,8,98411.59,3,4,3,343,10,Loyal Customers
CUST-03114,Ashley Valentine,27,5,31265.84,4,3,2,432,9,Needs Attention
CUST-03115,Gary Salazar,587,1,24460.11,1,1,2,112,4,Lost Customers
CUST-03116,Debra Jackson,185,2,37466.79,2,2,2,222,6,Lost Customers
CUST-03117,Joe Martinez,16,12,277763.51,5,4,5,545,14,Champions
CUST-03118,Nicole Barron,133,6,40861.0,2,3,2,232,7,Needs Attention
CUST-03120,Joseph Lane,36,39,732076.07,4,5,5,455,14,Champions
CUST-03121,Vanessa Morris,108,3,2436.5099999999998,2,2,1,221,5,Lost Customers
CUST-03123,Bradley Hansen,259,4,87744.73000000001,1,3,3,133,7,At Risk
CUST-03124,Mary Moss,38,5,71674.25,4,3,3,433,10,Loyal Customers
CUST-03125,Blake Bonilla,270,11,121313.9,1,4,4,144,9,At Risk
CUST-03126,Adam Robinson,477,2,33953.26,1,2,2,122,5,Lost Customers
CUST-03127,Chelsea Garcia,39,2,42998.11,4,2,2,422,8,New Customers
CUST-03128,Kevin Rose,47,4,164671.0,3,3,4,334,10,Loyal Customers
CUST-03129,Paige Collins,33,9,58423.62,4,4,3,443,11,Loyal Customers
CUST-03130,Christian Wagner,124,7,151774.09999999998,2,4,4,244,10,At Risk
CUST-03131,Colleen Cox,16,12,118851.61,5,4,3,543,12,Loyal Customers
CUST-03132,Shawna Palmer,36,5,76658.42,4,3,3,433,10,Loyal Customers
CUST-03133,Chelsea Ramirez,114,9,107059.78,2,4,3,243,9,At Risk
CUST-03134,Eric Kane,7,11,339458.33,5,4,5,545,14,Champions
CUST-03137,Allen Stanley,240,10,144280.76,2,4,4,244,10,At Risk
CUST-03138,Derek Mcintosh,41,6,52249.369999999995,4,3,2,432,9,Needs Attention
CUST-03139,Jeffrey Hernandez,18,6,136521.17,4,3,4,434,11,Loyal Customers
CUST-03140,Katie Brown,25,19,451692.63,4,5,5,455,14,Champions
CUST-03141,Brent Wong,26,9,96424.91,4,4,3,443,11,Loyal Customers
CUST-03142,Jenny Carter,9,55,638316.79,5,5,5,555,15,Champions
CUST-03143,Kirk Moreno,37,8,217715.67,4,4,4,444,12,Champions
CUST-03144,Jeffrey Maldonado DDS,466,5,62810.46,1,3,3,133,7,At Risk
CUST-03145,Colleen Brown,130,5,33908.93,2,3,2,232,7,Needs Attention
CUST-03146,Derek Jones,280,2,5359.379999999999,1,2,1,121,4,Lost Customers
CUST-03147,Darrell Oliver,83,4,24350.9,3,3,2,332,8,Needs Attention
CUST-03148,Jenna Garcia,228,1,128068.53,2,1,4,214,7,Needs Attention
CUST-03149,Sherry Adams,12,32,540052.97,5,5,5,555,15,Champions
CUST-03150,Richard Bailey,21,12,288028.39,4,4,5,445,13,Champions
CUST-03151,Kyle Gross,68,10,166670.9,3,4,4,344,11,Loyal Customers
CUST-03153,Eric Knox,643,1,6383.98,1,1,1,111,3,Lost Customers
CUST-03154,Ethan Jones,89,1,247813.68,3,1,4,314,8,Potential Loyalists
CUST-03155,Steven Thomas,78,3,60689.06,3,2,3,323,8,Potential Loyalists
CUST-03156,John Cook,130,1,25794.58,2,1,2,212,5,Lost Customers
CUST-03157,Dennis Jones,20,6,59316.770000000004,4,3,3,433,10,Loyal Customers
CUST-03158,Sarah Wheeler,31,26,412845.49,4,5,5,455,14,Champions
CUST-03159,Lauren Freeman,13,20,214060.41,5,5,4,554,14,Champions
CUST-03160,Brian Fuentes,6,14,267518.88,5,5,5,555,15,Champions
CUST-03161,Wanda Conley,231,2,40985.979999999996,2,2,2,222,6,Lost Customers
CUST-03162,Carol Thomas,8,13,179285.87,5,4,4,544,13,Champions
CUST-03163,Eric Fitzgerald,17,22,422508.04,5,5,5,555,15,Champions
CUST-03164,Nicholas Fritz,352,2,70965.54,1,2,3,123,6,Needs Attention
CUST-03165,John Diaz,57,8,132223.9,3,4,4,344,11,Loyal Customers
CUST-03166,Harold Mckinney,307,3,32751.05,1,2,2,122,5,Lost Customers
CUST-03167,Patricia Vincent,7,9,107486.4,5,4,3,543,12,Loyal Customers
CUST-03168,Linda Rodriguez,4,183,2972691.9,5,5,5,555,15,Champions
CUST-03169,Monica Smith,242,2,8931.57,2,2,1,221,5,Lost Customers
CUST-03170,Selena Hopkins,4,17,465332.82,5,5,5,555,15,Champions
CUST-03171,Jonathan Sanchez,237,2,9363.769999999999,2,2,1,221,5,Lost Customers
CUST-03172,Valerie Howard,10,51,794061.13,5,5,5,555,15,Champions
CUST-03173,Cheryl Blevins,288,3,27480.000000000004,1,2,2,122,5,Lost Customers
CUST-03174,Tracie Wiley,40,7,149881.18,4,4,4,444,12,Champions
CUST-03175,Stephanie Cole,229,2,113463.73000000001,2,2,3,223,7,Needs Attention
CUST-03176,Kelsey Baker,278,4,40740.86,1,3,2,132,6,Needs Attention
CUST-03177,Stacy Myers,48,2,12047.78,3,2,1,321,6,Needs Attention
CUST-03178,Xavier Parker,10,58,1582856.69,5,5,5,555,15,Champions
CUST-03179,Joseph Cooper,26,10,88235.36,4,4,3,443,11,Loyal Customers
CUST-03180,Jessica Gibson,107,14,127377.03,2,5,4,254,11,At Risk
CUST-03181,Rebecca Roberts,35,28,397603.2,4,5,5,455,14,Champions
CUST-03182,Kathryn Jennings,43,5,137197.93,4,3,4,434,11,Loyal Customers
CUST-03183,Chris Levy,178,3,148273.22999999998,2,2,4,224,8,Needs Attention
CUST-03184,Mary Torres,553,1,4104.38,1,1,1,111,3,Lost Customers
CUST-03185,Robert Smith,589,1,10044.81,1,1,1,111,3,Lost Customers
CUST-03186,Douglas Watkins,8,3,24108.2,5,2,2,522,9,New Customers
CUST-03187,Eric Jordan,261,3,9620.0,1,2,1,121,4,Lost Customers
CUST-03188,April King,224,2,9490.689999999999,2,2,1,221,5,Lost Customers
CUST-03189,Douglas Trevino,193,1,118.56,2,1,1,211,4,Lost Customers
CUST-03190,Patricia Moore,420,1,23725.66,1,1,2,112,4,Lost Customers
CUST-03191,Devin Ferrell,695,1,11171.96,1,1,1,111,3,Lost Customers
CUST-03192,Kevin Miller,3,33,718013.59,5,5,5,555,15,Champions
CUST-03193,John Gomez,179,8,126806.23000000001,2,4,4,244,10,At Risk
CUST-03194,Mandy Henderson,3,37,552002.97,5,5,5,555,15,Champions
CUST-03195,Annette Green,146,6,72466.14,2,3,3,233,8,At Risk
CUST-03196,Eric Elliott,84,2,11520.09,3,2,1,321,6,Needs Attention
CUST-03197,Erica Lane,8,15,184262.62,5,5,4,554,14,Champions
CUST-03198,Christina Taylor,451,2,70585.40000000001,1,2,3,123,6,Needs Attention
CUST-03199,Elizabeth Miller,590,1,990.31,1,1,1,111,3,Lost Customers
CUST-03200,Lori Gardner,298,2,10389.68,1,2,1,121,4,Lost Customers
CUST-03202,Jeremy Edwards,142,3,5488.28,2,2,1,221,5,Lost Customers
CUST-03203,Michelle Mcdonald,101,3,222287.06,2,2,4,224,8,Needs Attention
CUST-03204,Jason Jenkins,78,3,75874.97,3,2,3,323,8,Potential Loyalists
CUST-03206,Peter Gilbert,647,1,20171.17,1,1,1,111,3,Lost Customers
CUST-03207,David Hunt,105,12,92913.46,2,4,3,243,9,At Risk
CUST-03209,Pedro Long,328,3,23433.53,1,2,2,122,5,Lost Customers
CUST-03210,Aaron Aguirre,65,14,220456.15,3,5,4,354,12,Loyal Customers
CUST-03211,Julia Brown,385,2,25165.4,1,2,2,122,5,Lost Customers
CUST-03212,Ronald Santos,522,1,2219.53,1,1,1,111,3,Lost Customers
CUST-03213,Brent Roberts,51,3,38870.04,3,2,2,322,7,Needs Attention
CUST-03215,Nancy Brown,3,6,90960.99,5,3,3,533,11,Loyal Customers
CUST-03216,Charles Yang,143,6,110961.4,2,3,3,233,8,At Risk
CUST-03217,Danny Lowe PhD,227,2,59497.81,2,2,3,223,7,Needs Attention
CUST-03218,Eric Hays,73,5,61535.78,3,3,3,333,9,Loyal Customers
CUST-03219,John Watts,8,4,10993.16,5,3,1,531,9,Needs Attention
CUST-03221,Brent Harris,58,6,68377.16,3,3,3,333,9,Loyal Customers
CUST-03222,Ross Wallace,218,4,181608.81,2,3,4,234,9,At Risk
CUST-03223,Bryan Sullivan,5,4,110491.25,5,3,3,533,11,Loyal Customers
CUST-03224,Dr. Sarah Payne,159,1,1046.75,2,1,1,211,4,Lost Customers
CUST-03225,Melanie Villarreal,22,5,29645.31,4,3,2,432,9,Needs Attention
CUST-03226,Jessica Fields,131,3,14888.18,2,2,1,221,5,Lost Customers
CUST-03227,Robert Sandoval,82,11,166411.88,3,4,4,344,11,Loyal Customers
CUST-03229,Dylan Contreras,51,1,27750.76,3,1,2,312,6,Needs Attention
CUST-03230,Katherine Contreras,81,8,57007.42,3,4,3,343,10,Loyal Customers
CUST-03231,Michael Rodriguez,44,3,41749.740000000005,4,2,2,422,8,New Customers
CUST-03232,Jeffery Johnson,173,2,26720.45,2,2,2,222,6,Lost Customers
CUST-03233,Justin Smith,125,6,53016.11,2,3,2,232,7,Needs Attention
CUST-03234,Matthew Barry,168,10,493465.52,2,4,5,245,11,At Risk
CUST-03235,Unknown Customer,2,19,513031.19,5,5,5,555,15,Champions
CUST-03237,William Howard,36,7,125558.18,4,4,4,444,12,Champions
CUST-03238,Kathy Bailey,33,16,169304.72,4,5,4,454,13,Champions
CUST-03239,Jeanette Brown,4,85,1507716.6,5,5,5,555,15,Champions
CUST-03240,Heather Ball,57,22,408060.15,3,5,5,355,13,Loyal Customers
CUST-03241,Mike Buchanan,64,2,24756.58,3,2,2,322,7,Needs Attention
CUST-03242,Phillip Turner,345,3,53939.78,1,2,2,122,5,Lost Customers
CUST-03243,Thomas Brewer,249,5,52583.36,1,3,2,132,6,Needs Attention
CUST-03244,John Hopkins,37,6,90287.33,4,3,3,433,10,Loyal Customers
CUST-03245,Tammy Rowe,174,1,7547.36,2,1,1,211,4,Lost Customers
CUST-03246,Beverly Nguyen,137,5,65847.22,2,3,3,233,8,At Risk
CUST-03247,Hannah Williamson,15,12,208650.96,5,4,4,544,13,Champions
CUST-03248,Andrew Christian,124,4,34701.049999999996,2,3,2,232,7,Needs Attention
CUST-03249,Brent Rodriguez,79,16,457951.62,3,5,5,355,13,Loyal Customers
CUST-03250,Karen Wolf,357,6,252577.63,1,3,5,135,9,At Risk
CUST-03251,Dr. Morgan Young,150,2,141973.92,2,2,4,224,8,Needs Attention
CUST-03252,Carrie Stafford,44,3,8043.42,4,2,1,421,7,New Customers
CUST-03253,Jennifer Brown,77,9,114510.82,3,4,3,343,10,Loyal Customers
CUST-03254,Ashley Bradford,636,1,6580.1,1,1,1,111,3,Lost Customers
CUST-03255,Phillip Obrien,68,4,128216.68,3,3,4,334,10,Loyal Customers
CUST-03256,Tammy Morris,12,29,289484.51,5,5,5,555,15,Champions
CUST-03257,Jamie Zhang,209,3,40062.75,2,2,2,222,6,Lost Customers
CUST-03258,Christina King,203,4,54338.649999999994,2,3,2,232,7,Needs Attention
CUST-03259,Dustin Harris,157,6,87232.39,2,3,3,233,8,At Risk
CUST-03260,Robert Stokes,44,3,190291.95,4,2,4,424,10,New Customers
CUST-03261,Kevin Soto,185,5,82251.77,2,3,3,233,8,At Risk
CUST-03262,Christina Patrick,308,2,1184.3600000000001,1,2,1,121,4,Lost Customers
CUST-03263,Heather Russell,116,10,154207.16,2,4,4,244,10,At Risk
CUST-03264,Andrea Lopez,64,3,30805.93,3,2,2,322,7,Needs Attention
CUST-03265,Susan May,148,7,64358.71000000001,2,4,3,243,9,At Risk
CUST-03266,Ronnie Hudson MD,108,4,51632.03,2,3,2,232,7,Needs Attention
CUST-03267,Luke Hansen,125,9,248169.47999999998,2,4,4,244,10,At Risk
CUST-03268,Austin Patterson,5,1,80984.54,5,1,3,513,9,New Customers
CUST-03269,Benjamin Miller,32,2,51959.030000000006,4,2,2,422,8,New Customers
CUST-03270,Elizabeth Wilson,145,1,7401.62,2,1,1,211,4,Lost Customers
CUST-03271,Kyle Rivera,415,1,21785.56,1,1,2,112,4,Lost Customers
CUST-03272,Todd Nielsen,26,17,438251.75,4,5,5,455,14,Champions
CUST-03273,Michael Jones,106,2,20836.16,2,2,2,222,6,Lost Customers
CUST-03274,Tracy Jones,24,27,266634.79,4,5,5,455,14,Champions
CUST-03275,Sarah Frederick,6,51,873544.57613003,5,5,5,555,15,Champions
CUST-03276,Jennifer Brown,115,6,76108.91,2,3,3,233,8,At Risk
CUST-03278,Deborah Johnson,477,2,44271.47,1,2,2,122,5,Lost Customers
CUST-03279,Dean Cook,35,20,298901.68,4,5,5,455,14,Champions
CUST-03280,Brenda Payne,294,3,12090.89,1,2,1,121,4,Lost Customers
CUST-03282,Cynthia Jones,84,3,184375.6,3,2,4,324,9,Potential Loyalists
CUST-03283,Sue Warner,64,14,166949.75,3,5,4,354,12,Loyal Customers
CUST-03284,Amanda Zavala,27,10,114416.44,4,4,3,443,11,Loyal Customers
CUST-03285,Linda Salazar,10,1,17660.94,5,1,1,511,7,New Customers
CUST-03286,Juan Potts,47,8,72425.38,3,4,3,343,10,Loyal Customers
CUST-03287,Andrew Johnson,552,1,2299.85,1,1,1,111,3,Lost Customers
CUST-03288,Marie Reynolds,285,2,6992.12,1,2,1,121,4,Lost Customers
CUST-03289,Samuel Mata,40,20,344451.81,4,5,5,455,14,Champions
CUST-03290,Anthony Ayala,93,3,34162.26,3,2,2,322,7,Needs Attention
CUST-03291,Kimberly Dalton,89,3,49740.63,3,2,2,322,7,Needs Attention
CUST-03293,Ralph Dominguez,27,15,130999.43,4,5,4,454,13,Champions
CUST-03294,Jeffery Taylor,32,9,138808.37,4,4,4,444,12,Champions
CUST-03295,Steven Haas,88,7,134224.65,3,4,4,344,11,Loyal Customers
CUST-03296,Cory Kim,76,11,89877.05,3,4,3,343,10,Loyal Customers
CUST-03297,David Chapman,562,1,10273.19,1,1,1,111,3,Lost Customers
CUST-03298,Paul Beasley,47,4,39537.85,3,3,2,332,8,Needs Attention
CUST-03299,Laura Ritter,68,7,112401.62,3,4,3,343,10,Loyal Customers
CUST-03301,Cameron White,85,8,91440.85,3,4,3,343,10,Loyal Customers
CUST-03302,Gregory Rios,2,23,190223.11,5,5,4,554,14,Champions
CUST-03303,Eduardo Obrien,40,4,54193.03,4,3,2,432,9,Needs Attention
CUST-03304,Bryan Jones,119,2,38459.11,2,2,2,222,6,Lost Customers
CUST-03305,Joshua Simpson,598,2,38969.82000000001,1,2,2,122,5,Lost Customers
CUST-03306,Heather Herman,149,1,18361.06,2,1,1,211,4,Lost Customers
CUST-03307,Micheal Pugh,31,15,245903.02,4,5,4,454,13,Champions
CUST-03308,Eileen Valdez,177,3,32163.65,2,2,2,222,6,Lost Customers
CUST-03309,Debra Wolfe,157,2,10982.53,2,2,1,221,5,Lost Customers
CUST-03310,Amy Mccullough,5,16,282075.04,5,5,5,555,15,Champions
CUST-03311,Lisa Ramirez,17,2,145380.34,5,2,4,524,11,New Customers
CUST-03312,Chad Daugherty,92,4,161438.71,3,3,4,334,10,Loyal Customers
CUST-03313,Patrick Clark,356,1,6268.52,1,1,1,111,3,Lost Customers
CUST-03314,Robert Thomas,160,8,149103.69,2,4,4,244,10,At Risk
CUST-03315,Melissa Santos,7,400,6107580.85,5,5,5,555,15,Champions
CUST-03316,Brian Porter,22,16,171692.23,4,5,4,454,13,Champions
CUST-03317,Donald Cruz,82,5,64701.14,3,3,3,333,9,Loyal Customers
CUST-03318,Angela Ramirez,16,13,339169.37,5,4,5,545,14,Champions
CUST-03321,Jeffrey Williams,280,3,119740.99,1,2,4,124,7,Needs Attention
CUST-03322,Joshua Bailey,361,4,154941.1,1,3,4,134,8,At Risk
CUST-03323,Lee Barry,205,4,73486.88,2,3,3,233,8,At Risk
CUST-03324,Susan Patrick,6,9,141996.69,5,4,4,544,13,Champions
CUST-03325,Nicole Peterson,24,14,112927.72,4,5,3,453,12,Loyal Customers
CUST-03326,Jessica Patterson,306,7,134806.03,1,4,4,144,9,At Risk
CUST-03327,Nancy Brown,189,3,9326.08,2,2,1,221,5,Lost Customers
CUST-03328,James Griffith,342,3,118235.23999999999,1,2,3,123,6,Needs Attention
CUST-03329,Shannon Hurley,541,1,96599.55,1,1,3,113,5,Needs Attention
CUST-03330,Kenneth Carroll,39,6,165272.1,4,3,4,434,11,Loyal Customers
CUST-03331,Carla James,43,5,73381.86,4,3,3,433,10,Loyal Customers
CUST-03332,Tammy Anderson,16,15,128218.92,5,5,4,554,14,Champions
CUST-03333,Robert Tapia,154,1,111337.4,2,1,3,213,6,Needs Attention
CUST-03335,Unknown Customer,55,6,63922.42999999999,3,3,3,333,9,Loyal Customers
CUST-03336,Matthew Patton,23,4,111770.45,4,3,3,433,10,Loyal Customers
CUST-03338,Erica Baker,57,12,253679.58,3,4,5,345,12,Loyal Customers
CUST-03339,Joel Gonzales,45,4,85523.66,4,3,3,433,10,Loyal Customers
CUST-03340,Vincent Castillo,38,5,105332.27,4,3,3,433,10,Loyal Customers
CUST-03341,Claudia Brown,481,2,129632.04000000001,1,2,4,124,7,Needs Attention
CUST-03342,Destiny Bishop,165,1,3348.27,2,1,1,211,4,Lost Customers
CUST-03343,Austin White,202,4,24026.67,2,3,2,232,7,Needs Attention
CUST-03344,Desiree Booth,81,10,251065.97,3,4,5,345,12,Loyal Customers
CUST-03345,Mark Thomas,190,3,10572.57,2,2,1,221,5,Lost Customers
CUST-03346,Amber Wilson,12,10,130741.35999999999,5,4,4,544,13,Champions
CUST-03347,Michael Valencia,269,2,17013.98,1,2,1,121,4,Lost Customers
CUST-03348,Amanda Love,162,10,209246.56,2,4,4,244,10,At Risk
CUST-03349,Miguel Green,474,2,8290.31,1,2,1,121,4,Lost Customers
CUST-03350,Michael Mathews,4,7,89657.03,5,4,3,543,12,Loyal Customers
CUST-03351,Nathan Burke,63,8,169064.07,3,4,4,344,11,Loyal Customers
CUST-03352,Billy Wallace,23,31,640756.29,4,5,5,455,14,Champions
CUST-03353,Cynthia Nguyen,255,6,223290.24,1,3,4,134,8,At Risk
CUST-03354,Unknown Customer,9,2,40546.0,5,2,2,522,9,New Customers
CUST-03355,Sherri Thomas,236,2,32053.32,2,2,2,222,6,Lost Customers
CUST-03356,Richard Rogers,22,16,439862.71,4,5,5,455,14,Champions
CUST-03357,Matthew Ruiz,108,4,23850.14,2,3,2,232,7,Needs Attention
CUST-03358,Lisa Martin,10,17,192411.71,5,5,4,554,14,Champions
CUST-03359,Timothy Buck,474,1,8144.32,1,1,1,111,3,Lost Customers
CUST-03360,Lee Morton,74,6,109407.52,3,3,3,333,9,Loyal Customers
CUST-03361,Priscilla Romero,560,1,1169.66,1,1,1,111,3,Lost Customers
CUST-03362,Hailey Lewis,26,33,370460.70999999996,4,5,5,455,14,Champions
CUST-03363,Amanda Barber,42,5,28250.269999999997,4,3,2,432,9,Needs Attention
CUST-03364,Zachary Miller,16,26,596664.98,5,5,5,555,15,Champions
CUST-03365,Timothy Walker,647,3,180934.9,1,2,4,124,7,Needs Attention
CUST-03366,Laura Kelley,1,8,79240.16,5,4,3,543,12,Loyal Customers
CUST-03367,Nicholas Abbott,160,6,108700.0,2,3,3,233,8,At Risk
CUST-03368,Amber Kennedy,272,5,43176.73,1,3,2,132,6,Needs Attention
CUST-03369,Jessica Adams,4,20,470820.16000000003,5,5,5,555,15,Champions
CUST-03370,Eileen Sanchez,63,36,497789.84,3,5,5,355,13,Loyal Customers
CUST-03371,Randall Cox,10,15,102318.48000000001,5,5,3,553,13,Loyal Customers
CUST-03372,Paul Wilson,45,9,158503.14,4,4,4,444,12,Champions
CUST-03373,Nicholas Beard,668,3,165100.69,1,2,4,124,7,Needs Attention
CUST-03374,Harold Wagner,359,2,6814.07,1,2,1,121,4,Lost Customers
CUST-03375,Martha Jacobs,8,43,659004.49,5,5,5,555,15,Champions
CUST-03377,Beth Medina,36,10,125201.83,4,4,4,444,12,Champions
CUST-03378,Jennifer Richards,36,8,52221.62,4,4,2,442,10,Needs Attention
CUST-03379,David Mitchell,190,4,37794.600000000006,2,3,2,232,7,Needs Attention
CUST-03380,Brad Fisher,5,90,1785539.18,5,5,5,555,15,Champions
CUST-03381,Ms. Mackenzie Barton,566,2,55526.28999999999,1,2,2,122,5,Lost Customers
CUST-03382,Sherri Smith,101,3,11755.15,2,2,1,221,5,Lost Customers
CUST-03383,Dennis Spencer,259,3,221552.7,1,2,4,124,7,Needs Attention
CUST-03384,Natalie Martinez,55,3,62847.01,3,2,3,323,8,Potential Loyalists
CUST-03386,Brandi Camacho DVM,373,2,2383.13,1,2,1,121,4,Lost Customers
CUST-03387,Heather Morales,3,11,96265.2,5,4,3,543,12,Loyal Customers
CUST-03388,Unknown Customer,1,22,286964.08,5,5,5,555,15,Champions
CUST-03389,Stephanie Vargas,287,2,36166.200000000004,1,2,2,122,5,Lost Customers
CUST-03390,Wendy Williams,87,4,95818.93999999999,3,3,3,333,9,Loyal Customers
CUST-03391,Heather Cole,7,17,404680.67,5,5,5,555,15,Champions
CUST-03392,Jerry Davenport,349,1,2788.8,1,1,1,111,3,Lost Customers
CUST-03394,Ralph Hendricks,416,2,10180.95,1,2,1,121,4,Lost Customers
CUST-03395,Angela Huang,281,2,43155.649999999994,1,2,2,122,5,Lost Customers
CUST-03396,Jacqueline Banks,694,1,20171.17,1,1,1,111,3,Lost Customers
CUST-03397,Jeffrey Romero,33,43,1038583.62,4,5,5,455,14,Champions
CUST-03398,Theresa Davis,7,4,87027.76000000001,5,3,3,533,11,Loyal Customers
CUST-03399,Glenn Elliott,410,4,28497.239999999998,1,3,2,132,6,Needs Attention
CUST-03400,Lauren Anthony,82,4,40109.97,3,3,2,332,8,Needs Attention
CUST-03401,Frank Flores,144,5,153669.52000000002,2,3,4,234,9,At Risk
CUST-03402,Charles Cervantes,34,8,99571.1,4,4,3,443,11,Loyal Customers
CUST-03403,Virginia Clark,13,8,61836.340000000004,5,4,3,543,12,Loyal Customers
CUST-03404,Laura Gilbert,70,6,120457.88,3,3,4,334,10,Loyal Customers
CUST-03405,Dustin Wilson,187,2,1950.27,2,2,1,221,5,Lost Customers
CUST-03406,Jeffrey Mcclure,75,12,162116.54,3,4,4,344,11,Loyal Customers
CUST-03407,Thomas Zhang,2,17,217500.34,5,5,4,554,14,Champions
CUST-03408,Tammy Estrada,5,8,150646.93,5,4,4,544,13,Champions
CUST-03409,Daniel Roberson,294,4,108652.46,1,3,3,133,7,At Risk
CUST-03410,Alyssa Orr,295,3,72287.23999999999,1,2,3,123,6,Needs Attention
CUST-03411,Kimberly Lloyd,576,2,38171.41,1,2,2,122,5,Lost Customers
CUST-03412,Ronnie Johnson,73,6,104537.85,3,3,3,333,9,Loyal Customers
CUST-03413,Tom Duncan,149,5,287056.33,2,3,5,235,10,At Risk
CUST-03414,Kelly Guerra,39,5,22292.690000000002,4,3,2,432,9,Needs Attention
CUST-03415,Brian Mccarthy,16,11,159468.58,5,4,4,544,13,Champions
CUST-03416,Jill Reynolds,19,24,352683.03,4,5,5,455,14,Champions
CUST-03417,Sean Kaiser,15,22,259479.7,5,5,5,555,15,Champions
CUST-03419,Ricky Luna,24,4,32205.22,4,3,2,432,9,Needs Attention
CUST-03420,Jonathon Hill,379,4,41024.810000000005,1,3,2,132,6,Needs Attention
CUST-03421,Kayla Waters,322,3,48873.3,1,2,2,122,5,Lost Customers
CUST-03422,Emily Middleton,271,1,1398.62,1,1,1,111,3,Lost Customers
CUST-03423,Timothy Bauer,134,1,568.99,2,1,1,211,4,Lost Customers
CUST-03424,Ryan Guerrero,58,3,117014.76000000001,3,2,3,323,8,Potential Loyalists
CUST-03425,Amanda Walters,17,9,156071.85,5,4,4,544,13,Champions
CUST-03426,Chad Bennett,52,3,13621.900000000001,3,2,1,321,6,Needs Attention
CUST-03427,Megan Baker,87,7,80621.28,3,4,3,343,10,Loyal Customers
CUST-03428,Robert Gross,356,3,51506.29,1,2,2,122,5,Lost Customers
CUST-03429,Craig Liu,270,2,15353.550000000001,1,2,1,121,4,Lost Customers
CUST-03430,Shannon Curry,81,5,107878.81,3,3,3,333,9,Loyal Customers
CUST-03431,Austin Grant,42,1,3989.76,4,1,1,411,6,New Customers
CUST-03432,Christopher Barnes,112,8,92373.96,2,4,3,243,9,At Risk
CUST-03433,James Silva,50,7,71994.02,3,4,3,343,10,Loyal Customers
CUST-03434,Kari Sandoval,39,3,39187.72,4,2,2,422,8,New Customers
CUST-03435,Eric Hall,702,1,3602.34,1,1,1,111,3,Lost Customers
CUST-03437,Howard Castillo,13,13,254219.09,5,4,5,545,14,Champions
CUST-03438,Brian Ibarra,384,2,9326.109999999999,1,2,1,121,4,Lost Customers
CUST-03439,Donna Montes,56,11,47353.05,3,4,2,342,9,Needs Attention
CUST-03440,Matthew Wilson,26,8,122584.43000000001,4,4,4,444,12,Champions
CUST-03441,Francis Wilson,12,18,245141.86,5,5,4,554,14,Champions
CUST-03442,Michele Ayala,83,18,486793.69,3,5,5,355,13,Loyal Customers
CUST-03443,Dr. John Jenkins,38,6,225241.28,4,3,4,434,11,Loyal Customers
CUST-03444,Earl Romero,8,10,406760.27,5,4,5,545,14,Champions
CUST-03445,Rachel Brown,12,22,546534.52,5,5,5,555,15,Champions
CUST-03446,Deborah Stewart,39,3,57226.869999999995,4,2,3,423,9,New Customers
CUST-03447,Jeremy Ross,40,4,13894.009999999998,4,3,1,431,8,Needs Attention
CUST-03448,Debra Chandler,102,1,10547.71,2,1,1,211,4,Lost Customers
CUST-03449,Robert Parker,53,17,275852.39999999997,3,5,5,355,13,Loyal Customers
CUST-03450,Kenneth Jackson,307,8,135493.04,1,4,4,144,9,At Risk
CUST-03451,Mario Gould,21,1,11613.2,4,1,1,411,6,New Customers
CUST-03452,Erin Jacobs,49,8,329396.33999999997,3,4,5,345,12,Loyal Customers
CUST-03453,Nathan Lang,18,5,184490.32,4,3,4,434,11,Loyal Customers
CUST-03454,Michael Barr,246,1,11663.58,1,1,1,111,3,Lost Customers
CUST-03455,Kristen Pena,13,52,1306367.3,5,5,5,555,15,Champions
CUST-03456,Heidi Gonzalez,80,1,1441.42,3,1,1,311,5,Needs Attention
CUST-03457,Joseph Heath,233,1,1666.77,2,1,1,211,4,Lost Customers
CUST-03458,Robert Lozano,38,8,153544.13,4,4,4,444,12,Champions
CUST-03459,Daniel Quinn,48,8,194117.25999999998,3,4,4,344,11,Loyal Customers
CUST-03460,Amanda Smith,466,1,9225.89,1,1,1,111,3,Lost Customers
CUST-03461,Ashley Sanders,131,3,14650.32,2,2,1,221,5,Lost Customers
CUST-03462,Mr. Eric Hall,176,5,52533.97,2,3,2,232,7,Needs Attention
CUST-03463,Danielle Nelson,384,3,26131.35,1,2,2,122,5,Lost Customers
CUST-03464,Richard Rios,241,6,398753.76,2,3,5,235,10,At Risk
CUST-03465,Patrick Nelson,220,5,46509.49,2,3,2,232,7,Needs Attention
CUST-03466,Benjamin Bowen,727,1,8663.64,1,1,1,111,3,Lost Customers
CUST-03467,Jennifer Smith,11,22,281166.8,5,5,5,555,15,Champions
CUST-03468,Lisa Hernandez,17,11,272280.63,5,4,5,545,14,Champions
CUST-03469,Rebecca Lee,10,65,1229077.27,5,5,5,555,15,Champions
CUST-03470,Emily Morris,56,4,118933.45,3,3,3,333,9,Loyal Customers
CUST-03471,Allison Hill,5,58,948045.17,5,5,5,555,15,Champions
CUST-03472,Dennis Douglas,189,4,57475.78,2,3,3,233,8,At Risk
CUST-03473,Eddie Davis,96,7,39898.99,3,4,2,342,9,Needs Attention
CUST-03474,Kristina Webb,300,2,74752.43,1,2,3,123,6,Needs Attention
CUST-03475,Kim Sanchez,193,1,33307.72,2,1,2,212,5,Lost Customers
CUST-03476,Jonathan Long,51,10,86261.92,3,4,3,343,10,Loyal Customers
CUST-03477,Joshua Rodriguez,54,4,13329.46,3,3,1,331,7,Needs Attention
CUST-03479,Jacob Hart,7,3,26981.32,5,2,2,522,9,New Customers
CUST-03480,Evelyn Pacheco,80,3,210508.41000000003,3,2,4,324,9,Potential Loyalists
CUST-03481,Anna Jackson,20,8,103196.61,4,4,3,443,11,Loyal Customers
CUST-03482,Katherine Wright,147,2,8475.61,2,2,1,221,5,Lost Customers
CUST-03483,Luis Wells,87,20,668309.98,3,5,5,355,13,Loyal Customers
CUST-03484,Lacey Hall,50,12,230904.38,3,4,4,344,11,Loyal Customers
CUST-03485,Darlene Collins,379,2,65024.64,1,2,3,123,6,Needs Attention
CUST-03486,Chris Morris,351,2,4772.66,1,2,1,121,4,Lost Customers
CUST-03487,Jennifer Smith,19,4,85474.77,4,3,3,433,10,Loyal Customers
CUST-03488,Nicole Norton,31,8,106720.21,4,4,3,443,11,Loyal Customers
CUST-03490,Michael Robertson,20,3,40932.81,4,2,2,422,8,New Customers
CUST-03492,Michael Bennett,82,5,42423.770000000004,3,3,2,332,8,Needs Attention
CUST-03493,Carla Goodman,11,4,21987.77,5,3,2,532,10,Needs Attention
CUST-03494,Jeffrey Stanton,7,19,244023.54,5,5,4,554,14,Champions
CUST-03495,Jeff Jackson,715,1,921.29,1,1,1,111,3,Lost Customers
CUST-03496,Katelyn Curry,20,8,118653.76999999999,4,4,3,443,11,Loyal Customers
CUST-03497,Jennifer Phillips,97,11,330436.57,3,4,5,345,12,Loyal Customers
CUST-03498,Edward Weeks,1,14,277364.1,5,5,5,555,15,Champions
CUST-03499,Kelly Gilbert,56,3,4973.57,3,2,1,321,6,Needs Attention
CUST-03500,Matthew Thomas,16,6,43856.41,5,3,2,532,10,Needs Attention
CUST-03501,Christine Mendez,248,4,33928.78,1,3,2,132,6,Needs Attention
CUST-03502,Kelly King,24,28,494542.55,4,5,5,455,14,Champions
CUST-03504,Sarah Taylor,7,25,789570.62,5,5,5,555,15,Champions
CUST-03505,Sandra Smith,76,3,33395.61,3,2,2,322,7,Needs Attention
CUST-03506,Chris Jones,219,4,57635.240000000005,2,3,3,233,8,At Risk
CUST-03507,Emily Lopez,89,2,18648.07,3,2,1,321,6,Needs Attention
CUST-03508,Kimberly Rivera,283,4,25994.84,1,3,2,132,6,Needs Attention
CUST-03509,John Moore,173,6,41183.520000000004,2,3,2,232,7,Needs Attention
CUST-03510,Justin Perez,94,1,174719.19,3,1,4,314,8,Potential Loyalists
CUST-03511,Tanya Hill,100,7,68147.31,2,4,3,243,9,At Risk
CUST-03512,Shawna Silva,22,44,753177.0,4,5,5,455,14,Champions
CUST-03513,Marcus Powell,8,9,161739.39,5,4,4,544,13,Champions
CUST-03514,Joshua Hopkins,49,7,52301.08,3,4,2,342,9,Needs Attention
CUST-03515,Christian Cross,16,2,15524.699999999999,5,2,1,521,8,New Customers
CUST-03516,Dennis Garcia,225,1,334.04,2,1,1,211,4,Lost Customers
CUST-03517,Laurie Miranda,108,2,19089.41,2,2,1,221,5,Lost Customers
CUST-03518,Raymond Vargas,82,6,33879.4,3,3,2,332,8,Needs Attention
CUST-03519,Robert Savage,6,30,595376.28,5,5,5,555,15,Champions
CUST-03520,Kara Jackson,48,5,52069.57,3,3,2,332,8,Needs Attention
CUST-03521,Virginia Davis,642,1,8543.27,1,1,1,111,3,Lost Customers
CUST-03522,Brianna Martin,370,4,186803.0,1,3,4,134,8,At Risk
CUST-03523,Erica Huang,28,5,56284.36,4,3,2,432,9,Needs Attention
CUST-03524,Jorge Gonzales,94,1,1880.3,3,1,1,311,5,Needs Attention
CUST-03525,Erin Mason,51,19,434415.76999999996,3,5,5,355,13,Loyal Customers
CUST-03526,Justin Bennett,15,14,226812.66999999998,5,5,4,554,14,Champions
CUST-03527,John Collins,7,8,198535.95,5,4,4,544,13,Champions
CUST-03528,Kerry Ware,103,2,19553.18,2,2,1,221,5,Lost Customers
CUST-03530,Michelle Larsen,134,2,185493.46,2,2,4,224,8,Needs Attention
CUST-03531,Katherine Mccormick,99,3,39434.159999999996,3,2,2,322,7,Needs Attention
CUST-03532,Kristin Graham,79,4,53755.88,3,3,2,332,8,Needs Attention
CUST-03533,Alexander Diaz,36,10,233983.97,4,4,4,444,12,Champions
CUST-03534,Michael Chandler,43,9,159661.53,4,4,4,444,12,Champions
CUST-03535,Justin Cuevas,612,1,5242.29,1,1,1,111,3,Lost Customers
CUST-03536,Janet White,173,5,61263.18,2,3,3,233,8,At Risk
CUST-03537,Alexandra Ramos,58,3,43550.51,3,2,2,322,7,Needs Attention
CUST-03538,Abigail Collins,158,3,57234.15,2,2,3,223,7,Needs Attention
CUST-03539,Jacob King,55,6,161108.08000000002,3,3,4,334,10,Loyal Customers
CUST-03540,Lisa Johnson,150,2,20985.5,2,2,2,222,6,Lost Customers
CUST-03541,John Williams,232,2,7985.9400000000005,2,2,1,221,5,Lost Customers
CUST-03542,Dawn Garrett,478,3,19896.5,1,2,1,121,4,Lost Customers
CUST-03543,Samantha Roy,20,27,784084.91,4,5,5,455,14,Champions
CUST-03544,Yolanda Chen,622,1,43756.19,1,1,2,112,4,Lost Customers
CUST-03546,Amanda Johnson,39,5,71608.63,4,3,3,433,10,Loyal Customers
CUST-03547,Brittany Fitzgerald,65,12,122511.12,3,4,4,344,11,Loyal Customers
CUST-03548,Bonnie Barnes,39,39,939727.3099999999,4,5,5,455,14,Champions
CUST-03549,Amy Walsh,98,5,128834.11,3,3,4,334,10,Loyal Customers
CUST-03550,Brent Stephens,20,20,194688.66999999998,4,5,4,454,13,Champions
CUST-03551,Mrs. Lisa Smith,5,30,579468.24,5,5,5,555,15,Champions
CUST-03552,Sarah Stewart,12,21,322112.72000000003,5,5,5,555,15,Champions
CUST-03553,Susan Matthews,92,5,163447.93,3,3,4,334,10,Loyal Customers
CUST-03554,Kelli Shepard,52,6,60970.41,3,3,3,333,9,Loyal Customers
CUST-03555,Ryan Caldwell,354,1,515.3,1,1,1,111,3,Lost Customers
CUST-03556,Roger Mason,70,8,29165.54,3,4,2,342,9,Needs Attention
CUST-03557,Angela Ramos,98,5,196740.92,3,3,4,334,10,Loyal Customers
CUST-03558,Craig Wagner,56,17,412881.96,3,5,5,355,13,Loyal Customers
CUST-03559,Paul Massey,204,1,3073.47,2,1,1,211,4,Lost Customers
CUST-03560,Donald Bell,22,7,65676.28,4,4,3,443,11,Loyal Customers
CUST-03561,Keith Horton,58,20,357789.35,3,5,5,355,13,Loyal Customers
CUST-03562,Julie Wilson,506,2,8091.67,1,2,1,121,4,Lost Customers
CUST-03563,Nicholas Lopez,67,16,274279.9,3,5,5,355,13,Loyal Customers
CUST-03564,Tracy Wang,25,5,38591.84,4,3,2,432,9,Needs Attention
CUST-03565,Claudia Brooks,68,20,277189.27,3,5,5,355,13,Loyal Customers
CUST-03566,Nathaniel Wright,141,3,32954.3,2,2,2,222,6,Lost Customers
CUST-03567,Maria Valenzuela,194,5,62726.86,2,3,3,233,8,At Risk
CUST-03568,Peter Anderson,64,16,240818.68,3,5,4,354,12,Loyal Customers
CUST-03569,Michael Thompson,331,2,4229.37,1,2,1,121,4,Lost Customers
CUST-03570,Ethan Perez,34,11,131769.0,4,4,4,444,12,Champions
CUST-03571,Stephen Thompson,25,6,23392.4,4,3,2,432,9,Needs Attention
CUST-03572,Michael Baker,55,7,250703.83,3,4,5,345,12,Loyal Customers
CUST-03573,Kenneth Bailey DDS,111,6,57230.04,2,3,3,233,8,At Risk
CUST-03574,Mark Decker,21,6,108258.42,4,3,3,433,10,Loyal Customers
CUST-03575,Ruben Cruz,14,2,38088.009999999995,5,2,2,522,9,New Customers
CUST-03576,Christine Park,488,3,85797.81999999999,1,2,3,123,6,Needs Attention
CUST-03577,Robert Hogan,118,4,52839.61,2,3,2,232,7,Needs Attention
CUST-03579,Rebecca Davis,5,60,965154.8099999999,5,5,5,555,15,Champions
CUST-03580,Unknown Customer,8,32,456122.15,5,5,5,555,15,Champions
CUST-03581,Brian Barrett,96,5,168442.22,3,3,4,334,10,Loyal Customers
CUST-03582,Charles Willis,8,12,115166.74,5,4,3,543,12,Loyal Customers
CUST-03583,James Chapman,1,4,77929.89,5,3,3,533,11,Loyal Customers
CUST-03584,Michael Soto,14,4,53813.92,5,3,2,532,10,Needs Attention
CUST-03585,Aimee Fisher,39,12,194265.49,4,4,4,444,12,Champions
CUST-03586,Matthew Garcia,4,37,988347.48,5,5,5,555,15,Champions
CUST-03587,Elizabeth Owens,661,1,4845.17,1,1,1,111,3,Lost Customers
CUST-03588,Alex Lamb,31,5,35091.07,4,3,2,432,9,Needs Attention
CUST-03589,Kenneth Graham,229,3,32964.56,2,2,2,222,6,Lost Customers
CUST-03590,Roy King,3,78,1336198.3800000001,5,5,5,555,15,Champions
CUST-03591,George Gregory,568,1,3973.55,1,1,1,111,3,Lost Customers
CUST-03592,Wesley Rich,57,10,220447.02,3,4,4,344,11,Loyal Customers
CUST-03593,Stephanie Hunter,130,6,264863.06,2,3,5,235,10,At Risk
CUST-03594,Raymond Finley,159,9,61650.740000000005,2,4,3,243,9,At Risk
CUST-03595,Allen Hunt,33,3,27053.480000000003,4,2,2,422,8,New Customers
CUST-03596,Stacie Sanford,24,30,486993.69,4,5,5,455,14,Champions
CUST-03597,Christina Compton,119,2,32088.47,2,2,2,222,6,Lost Customers
CUST-03598,Beverly Cook,72,4,135727.36000000002,3,3,4,334,10,Loyal Customers
CUST-03599,Tracy Parker,145,1,3001.52,2,1,1,211,4,Lost Customers
CUST-03600,Rebecca Ellis,35,4,71934.57,4,3,3,433,10,Loyal Customers
CUST-03601,Aaron Hernandez,117,6,93888.63,2,3,3,233,8,At Risk
CUST-03602,Elizabeth Miller,42,5,207741.02,4,3,4,434,11,Loyal Customers
CUST-03603,Dalton Davis,438,2,314698.16000000003,1,2,5,125,8,Needs Attention
CUST-03604,Michael Singleton,110,5,139657.69999999998,2,3,4,234,9,At Risk
CUST-03605,John Cooper,227,6,118779.81,2,3,3,233,8,At Risk
CUST-03606,Michael Hale,1,7,125041.03,5,4,4,544,13,Champions
CUST-03607,Mary Guerra,104,18,172815.29,2,5,4,254,11,At Risk
CUST-03609,Phillip Anderson,166,2,37437.229999999996,2,2,2,222,6,Lost Customers
CUST-03611,Jessica Long,263,1,155938.95,1,1,4,114,6,Needs Attention
CUST-03612,John Yang,31,9,101469.03,4,4,3,443,11,Loyal Customers
CUST-03613,Connie Franklin,56,6,76180.11,3,3,3,333,9,Loyal Customers
CUST-03614,Jackie Morgan,129,3,148388.77,2,2,4,224,8,Needs Attention
CUST-03615,Lisa Walton,109,4,97050.25000000001,2,3,3,233,8,At Risk
CUST-03617,Daniel Graham,63,14,155905.99,3,5,4,354,12,Loyal Customers
CUST-03618,Matthew Simmons,1,61,732823.86,5,5,5,555,15,Champions
CUST-03620,Tyler Fisher,117,3,16476.949999999997,2,2,1,221,5,Lost Customers
CUST-03621,Michael Flowers,17,16,355435.82,5,5,5,555,15,Champions
CUST-03622,Bradley Parks,44,24,441554.1,4,5,5,455,14,Champions
CUST-03623,Scott Lara,495,1,1871.46,1,1,1,111,3,Lost Customers
CUST-03625,Jesse Tucker,627,2,44314.39,1,2,2,122,5,Lost Customers
CUST-03626,Jennifer Wise,42,7,44986.3,4,4,2,442,10,Needs Attention
CUST-03627,David Walters,451,3,54615.34,1,2,2,122,5,Lost Customers
CUST-03628,Rebekah Cole,454,1,2027.6,1,1,1,111,3,Lost Customers
CUST-03629,John Rogers,62,6,54472.130000000005,3,3,2,332,8,Needs Attention
CUST-03631,Ms. Janet Leonard,41,10,66869.12,4,4,3,443,11,Loyal Customers
CUST-03632,George Villa,171,4,33254.75,2,3,2,232,7,Needs Attention
CUST-03634,Jordan Williams,144,3,11697.93,2,2,1,221,5,Lost Customers
CUST-03635,Bryan Burns,6,5,47569.97,5,3,2,532,10,Needs Attention
CUST-03636,Stephen Parks,4,49,537879.09,5,5,5,555,15,Champions
CUST-03637,George Phillips,12,9,63658.39,5,4,3,543,12,Loyal Customers
CUST-03638,Kimberly White,131,3,83046.82,2,2,3,223,7,Needs Attention
CUST-03639,Alan Nguyen,38,7,94322.69,4,4,3,443,11,Loyal Customers
CUST-03640,Linda Howard,283,3,22087.89,1,2,2,122,5,Lost Customers
CUST-03641,Parker Wright,21,35,506944.44,4,5,5,455,14,Champions
CUST-03642,Brandon Acosta,263,4,23713.09,1,3,2,132,6,Needs Attention
CUST-03643,Jessica Hill,3,5,100229.62,5,3,3,533,11,Loyal Customers
CUST-03644,Melissa Sanchez,44,1,7142.17,4,1,1,411,6,New Customers
CUST-03645,Sandy Oconnor,3,2,30958.96,5,2,2,522,9,New Customers
CUST-03646,Judy Jones,42,20,348557.58999999997,4,5,5,455,14,Champions
CUST-03647,Charles Davila,77,13,186771.64,3,4,4,344,11,Loyal Customers
CUST-03648,Sonia Reyes,47,4,58448.469999999994,3,3,3,333,9,Loyal Customers
CUST-03649,Mrs. Tammy Curry,591,1,2643.59,1,1,1,111,3,Lost Customers
CUST-03650,Alex Clements,16,15,274181.95,5,5,5,555,15,Champions
CUST-03651,Matthew Andrade,39,25,412365.84,4,5,5,455,14,Champions
CUST-03652,Jessica Wilson,235,1,328.01,2,1,1,211,4,Lost Customers
CUST-03653,Dean Turner,15,6,142316.86,5,3,4,534,12,Loyal Customers
CUST-03654,Sarah Sanchez,108,2,35900.08,2,2,2,222,6,Lost Customers
CUST-03655,Jacqueline Kennedy,10,19,475390.92,5,5,5,555,15,Champions
CUST-03656,Jessica Burgess,189,2,6590.589999999999,2,2,1,221,5,Lost Customers
CUST-03657,Destiny Powers,303,1,31296.88,1,1,2,112,4,Lost Customers
CUST-03658,Susan Gregory,99,10,193872.85,3,4,4,344,11,Loyal Customers
CUST-03659,Jason Smith,103,1,1131.5,2,1,1,211,4,Lost Customers
CUST-03660,Carlos Adams,399,2,53758.66,1,2,2,122,5,Lost Customers
CUST-03661,Vanessa Flores,19,5,48359.53,4,3,2,432,9,Needs Attention
CUST-03662,Albert Nguyen,129,5,82550.8,2,3,3,233,8,At Risk
CUST-03663,Dwayne Joseph,40,3,77622.06,4,2,3,423,9,New Customers
CUST-03664,Leah Walters,14,7,234642.88999999998,5,4,4,544,13,Champions
CUST-03665,James Spears,144,1,46470.81,2,1,2,212,5,Lost Customers
CUST-03666,Gilbert Reed,164,4,57173.66,2,3,3,233,8,At Risk
CUST-03667,Joel Newton,49,9,77996.29,3,4,3,343,10,Loyal Customers
CUST-03668,Michael Chambers,69,6,60512.32,3,3,3,333,9,Loyal Customers
CUST-03670,Lynn Hoffman,93,2,7163.15,3,2,1,321,6,Needs Attention
CUST-03671,Daniel Mercer,644,1,104086.33,1,1,3,113,5,Needs Attention
CUST-03672,Edgar Stewart,125,3,45044.869999999995,2,2,2,222,6,Lost Customers
CUST-03673,Alyssa Weber,15,2,16877.7,5,2,1,521,8,New Customers
CUST-03674,Guy Reynolds,31,7,90227.74,4,4,3,443,11,Loyal Customers
CUST-03675,Allison Mcpherson DDS,293,4,131345.37,1,3,4,134,8,At Risk
CUST-03677,Sarah Davis,104,2,69419.34999999999,2,2,3,223,7,Needs Attention
CUST-03678,Willie Duncan,54,10,143876.86,3,4,4,344,11,Loyal Customers
CUST-03679,Christopher Waters,81,3,84801.56,3,2,3,323,8,Potential Loyalists
CUST-03680,Jennifer Ortiz,37,7,204001.93,4,4,4,444,12,Champions
CUST-03681,Jennifer Greene,458,2,160500.24,1,2,4,124,7,Needs Attention
CUST-03682,Jack Garcia,32,14,193016.99000000002,4,5,4,454,13,Champions
CUST-03683,Toni Gill,85,12,239374.28,3,4,4,344,11,Loyal Customers
CUST-03684,Joseph Myers,289,3,46591.92,1,2,2,122,5,Lost Customers
CUST-03685,Kathleen Marshall,40,2,8726.76,4,2,1,421,7,New Customers
CUST-03686,Joanna Bradshaw,68,5,76928.66,3,3,3,333,9,Loyal Customers
CUST-03687,Dylan Patel,94,2,130365.34,3,2,4,324,9,Potential Loyalists
CUST-03688,John Jackson,82,8,137518.0,3,4,4,344,11,Loyal Customers
CUST-03689,Janet Delgado,70,11,174109.89,3,4,4,344,11,Loyal Customers
CUST-03690,Jennifer Fields,133,6,42201.92,2,3,2,232,7,Needs Attention
CUST-03691,Brenda Harvey,42,15,178042.88,4,5,4,454,13,Champions
CUST-03692,Ms. Monique Dougherty MD,53,4,124361.08,3,3,4,334,10,Loyal Customers
CUST-03693,Keith Kennedy,341,2,13298.55,1,2,1,121,4,Lost Customers
CUST-03694,Jacob Paul,343,7,78039.06,1,4,3,143,8,At Risk
CUST-03695,Martha Arnold,187,1,66580.7,2,1,3,213,6,Needs Attention
CUST-03696,Sarah Martin,110,9,125040.20999999999,2,4,4,244,10,At Risk
CUST-03697,Shaun Thompson,129,6,20245.07,2,3,2,232,7,Needs Attention
CUST-03698,Tammy Morris,85,2,10611.849999999999,3,2,1,321,6,Needs Attention
CUST-03699,Steven Clark,22,95,1822451.82,4,5,5,455,14,Champions
CUST-03700,David Morrison,375,3,11628.75,1,2,1,121,4,Lost Customers
CUST-03701,Rebecca Kaufman DDS,12,85,1543472.74,5,5,5,555,15,Champions
CUST-03702,Larry Rivera,3,54,639966.77,5,5,5,555,15,Champions
CUST-03703,Caitlin Ford,44,19,387870.64,4,5,5,455,14,Champions
CUST-03704,Adriana Johnson,5,8,114293.28,5,4,3,543,12,Loyal Customers
CUST-03705,Sharon Cowan,345,5,111662.48,1,3,3,133,7,At Risk
CUST-03706,Andrea Butler,5,24,354157.30000000005,5,5,5,555,15,Champions
CUST-03707,Mike Martinez,42,4,75663.15,4,3,3,433,10,Loyal Customers
CUST-03708,Maria Ferguson,53,3,14883.63,3,2,1,321,6,Needs Attention
CUST-03709,John Barber,9,7,95985.7,5,4,3,543,12,Loyal Customers
CUST-03710,James Short,28,10,47593.229999999996,4,4,2,442,10,Needs Attention
CUST-03711,Heidi Moran,607,1,2799.3,1,1,1,111,3,Lost Customers
CUST-03712,Marie Patterson,52,5,99110.55,3,3,3,333,9,Loyal Customers
CUST-03713,Charles Baker,236,6,135897.18,2,3,4,234,9,At Risk
CUST-03714,Nicole Rodriguez,55,19,364485.82,3,5,5,355,13,Loyal Customers
CUST-03715,Jason Morgan,239,4,90612.72000000002,2,3,3,233,8,At Risk
CUST-03716,Rebecca Clark,12,26,498110.61,5,5,5,555,15,Champions
CUST-03717,Martin Jones,96,5,203406.75000000003,3,3,4,334,10,Loyal Customers
CUST-03718,Katherine Sanchez,47,8,67560.03,3,4,3,343,10,Loyal Customers
CUST-03719,Edward Wallace,18,12,163620.93,4,4,4,444,12,Champions
CUST-03720,Melissa Carroll,6,11,264679.16,5,4,5,545,14,Champions
CUST-03722,Daniel Wood,24,15,250490.0,4,5,5,455,14,Champions
CUST-03724,Mark Alvarez,11,11,147463.05,5,4,4,544,13,Champions
CUST-03725,Edward Manning,2,80,1286663.68,5,5,5,555,15,Champions
CUST-03726,Bridget Carter,8,3,25615.96,5,2,2,522,9,New Customers
CUST-03727,Mark Johnson,94,1,7202.86,3,1,1,311,5,Needs Attention
CUST-03728,Eric Silva,3,10,74655.11,5,4,3,543,12,Loyal Customers
CUST-03729,Nathan Mcgee,531,3,33523.54,1,2,2,122,5,Lost Customers
CUST-03730,Jennifer Montgomery MD,27,24,629349.87,4,5,5,455,14,Champions
CUST-03731,Christopher Farrell,208,2,77329.83,2,2,3,223,7,Needs Attention
CUST-03732,James Grimes,297,3,19766.280000000002,1,2,1,121,4,Lost Customers
CUST-03733,Mr. Joseph Thompson,26,58,705159.95,4,5,5,455,14,Champions
CUST-03734,Alexis Arroyo,203,6,162985.4,2,3,4,234,9,At Risk
CUST-03735,Eric Walker,14,19,355372.1,5,5,5,555,15,Champions
CUST-03736,Richard Mccormick,36,5,135611.88,4,3,4,434,11,Loyal Customers
CUST-03737,Heather Stevens,34,8,116850.31999999999,4,4,3,443,11,Loyal Customers
CUST-03738,Susan Larsen,34,4,84386.54000000001,4,3,3,433,10,Loyal Customers
CUST-03739,Rachel Warren,45,6,210025.01,4,3,4,434,11,Loyal Customers
CUST-03740,Dale Beck,27,11,115717.75,4,4,3,443,11,Loyal Customers
CUST-03741,Brett Rivera,416,2,78900.86,1,2,3,123,6,Needs Attention
CUST-03742,Juan Nichols,26,10,130096.45999999999,4,4,4,444,12,Champions
CUST-03744,Keith Wright,2,11,115745.16,5,4,3,543,12,Loyal Customers
CUST-03745,Patrick Norris,206,1,77716.48,2,1,3,213,6,Needs Attention
CUST-03746,Danielle Norris,62,16,253574.97999999998,3,5,5,355,13,Loyal Customers
CUST-03747,Andrew Lynch,158,2,15002.63,2,2,1,221,5,Lost Customers
CUST-03748,Anna Lee,1,2,8884.65,5,2,1,521,8,New Customers
CUST-03749,Amy Leach,47,14,202684.16,3,5,4,354,12,Loyal Customers
CUST-03751,Lauren Marshall,696,1,32869.37,1,1,2,112,4,Lost Customers
CUST-03752,Rachael Flores,446,2,8157.1,1,2,1,121,4,Lost Customers
CUST-03753,Christina Wilson,62,5,95036.92,3,3,3,333,9,Loyal Customers
CUST-03754,Craig Daniels,187,13,670988.9,2,4,5,245,11,At Risk
CUST-03755,John Hudson,78,1,34775.84,3,1,2,312,6,Needs Attention
CUST-03756,Shannon Rodriguez,163,9,85518.54,2,4,3,243,9,At Risk
CUST-03757,Paula Lee,105,3,25727.960000000003,2,2,2,222,6,Lost Customers
CUST-03758,Lisa Bryant,66,3,38853.92,3,2,2,322,7,Needs Attention
CUST-03759,Paul Guzman,8,30,773554.46,5,5,5,555,15,Champions
CUST-03760,Christopher Hunter MD,48,1,6251.85,3,1,1,311,5,Needs Attention
CUST-03761,Elizabeth Camacho,381,4,55205.58,1,3,2,132,6,Needs Attention
CUST-03762,Donald Hoffman,423,2,46732.619999999995,1,2,2,122,5,Lost Customers
CUST-03763,Jeremiah Rowland,45,3,16159.9,4,2,1,421,7,New Customers
CUST-03764,Katherine Flores,397,4,16890.440000000002,1,3,1,131,5,Needs Attention
CUST-03765,Julie Martin,400,2,8194.04,1,2,1,121,4,Lost Customers
CUST-03766,Jeffrey Torres,93,6,42761.369999999995,3,3,2,332,8,Needs Attention
CUST-03767,Jessica Little,147,4,94423.5,2,3,3,233,8,At Risk
CUST-03768,Catherine Maxwell,17,4,40017.909999999996,5,3,2,532,10,Needs Attention
CUST-03769,Cindy Shaw,116,4,20485.18,2,3,2,232,7,Needs Attention
CUST-03770,Joseph Garcia,3,5,234787.85,5,3,4,534,12,Loyal Customers
CUST-03771,Leon Duncan,132,4,36785.47,2,3,2,232,7,Needs Attention
CUST-03772,Christopher Miranda,2,44,1013456.5399999999,5,5,5,555,15,Champions
CUST-03773,Sarah Bishop,433,2,24078.81,1,2,2,122,5,Lost Customers
CUST-03774,Tyler Zavala,28,21,351041.45999999996,4,5,5,455,14,Champions
CUST-03775,Rachel Chan,119,7,51408.64,2,4,2,242,8,Needs Attention
CUST-03776,Timothy Kennedy,65,6,63900.96,3,3,3,333,9,Loyal Customers
CUST-03777,Elizabeth Thomas,62,3,134117.68,3,2,4,324,9,Potential Loyalists
CUST-03778,Hector Mcgee,340,3,19620.13,1,2,1,121,4,Lost Customers
CUST-03779,Jeffery Long,166,4,46723.42,2,3,2,232,7,Needs Attention
CUST-03780,Philip Powell,28,7,75997.20999999999,4,4,3,443,11,Loyal Customers
CUST-03781,Heather Trujillo,317,7,166956.96,1,4,4,144,9,At Risk
CUST-03782,Pamela Smith,34,23,329544.99,4,5,5,455,14,Champions
CUST-03783,Christine Moran,220,3,28748.23,2,2,2,222,6,Lost Customers
CUST-03785,Erika Castro,286,8,235626.02000000002,1,4,4,144,9,At Risk
CUST-03786,Daniel Shaw,41,1,671.83,4,1,1,411,6,New Customers
CUST-03787,Ashley Sanchez,97,10,71934.47,3,4,3,343,10,Loyal Customers
CUST-03788,John Griffith,31,5,93568.85,4,3,3,433,10,Loyal Customers
CUST-03789,Wesley Williams,4,18,260582.47999999998,5,5,5,555,15,Champions
CUST-03790,Melissa Stout,50,18,240842.25,3,5,4,354,12,Loyal Customers
CUST-03791,Mr. Lawrence Brooks,46,10,115267.43,4,4,3,443,11,Loyal Customers
CUST-03792,Mark Hill,78,6,54479.57,3,3,2,332,8,Needs Attention
CUST-03793,Thomas Rodriguez,14,26,474762.83,5,5,5,555,15,Champions
CUST-03794,Paul Nguyen,163,2,1007.23,2,2,1,221,5,Lost Customers
CUST-03795,Jennifer Hernandez,33,2,11665.69,4,2,1,421,7,New Customers
CUST-03796,Edwin Gonzalez,181,2,6244.47,2,2,1,221,5,Lost Customers
CUST-03797,David Armstrong,67,2,15055.84,3,2,1,321,6,Needs Attention
CUST-03798,Debbie Schmidt,4,5,142769.68,5,3,4,534,12,Loyal Customers
CUST-03799,Alex Barton,70,8,41435.9,3,4,2,342,9,Needs Attention
CUST-03800,Richard Dawson,6,10,167268.97,5,4,4,544,13,Champions
CUST-03801,Scott Stein,466,1,1431.25,1,1,1,111,3,Lost Customers
CUST-03802,Stephen Lopez,134,9,319083.5,2,4,5,245,11,At Risk
CUST-03803,Joel Cook,459,1,1112.4,1,1,1,111,3,Lost Customers
CUST-03804,Michele Scott,165,3,48816.21,2,2,2,222,6,Lost Customers
CUST-03805,Allison Wilson,82,8,269132.77,3,4,5,345,12,Loyal Customers
CUST-03806,James Tucker,18,4,30427.670000000002,4,3,2,432,9,Needs Attention
CUST-03807,Joseph Durham,314,3,32225.920000000002,1,2,2,122,5,Lost Customers
CUST-03808,Alexis Kim,139,2,12026.48,2,2,1,221,5,Lost Customers
CUST-03809,Jonathan Yates,10,8,54094.55,5,4,2,542,11,Needs Attention
CUST-03810,Katherine Andrews,13,18,222178.18,5,5,4,554,14,Champions
CUST-03811,Morgan Cunningham,17,8,84492.95,5,4,3,543,12,Loyal Customers
CUST-03812,Phyllis Schmidt,458,2,2126.29,1,2,1,121,4,Lost Customers
CUST-03813,Sarah Miller,384,4,51933.25,1,3,2,132,6,Needs Attention
CUST-03814,Lisa Kaiser,12,10,209948.3,5,4,4,544,13,Champions
CUST-03815,Pamela Jordan,22,13,103471.11,4,5,3,453,12,Loyal Customers
CUST-03816,Jerry Gilmore,506,1,9752.96,1,1,1,111,3,Lost Customers
CUST-03818,Gina Rose,199,9,162902.31,2,4,4,244,10,At Risk
CUST-03819,Samantha Reynolds,88,4,68710.93,3,3,3,333,9,Loyal Customers
CUST-03822,David Walker,188,5,39844.85,2,3,2,232,7,Needs Attention
CUST-03823,Erin Ellis,4,20,515374.74,5,5,5,555,15,Champions
CUST-03824,Patricia Andrews,28,41,717691.27,4,5,5,455,14,Champions
CUST-03825,Spencer Camacho,3,7,95506.31,5,4,3,543,12,Loyal Customers
CUST-03826,Raymond Harris,52,7,177772.97,3,4,4,344,11,Loyal Customers
CUST-03827,Alexander Guzman,46,2,58161.4,4,2,3,423,9,New Customers
CUST-03828,Penny Fernandez,233,4,28942.45,2,3,2,232,7,Needs Attention
CUST-03829,Erin Stewart,15,4,78204.13,5,3,3,533,11,Loyal Customers
CUST-03830,Daniel Turner,421,5,21735.3,1,3,2,132,6,Needs Attention
CUST-03831,Devin Mayer,422,2,7419.67,1,2,1,121,4,Lost Customers
CUST-03832,Henry Taylor,249,2,6936.24,1,2,1,121,4,Lost Customers
CUST-03833,Jessica Flowers,560,1,10744.38,1,1,1,111,3,Lost Customers
CUST-03834,Jeremy Manning,502,2,22525.98,1,2,2,122,5,Lost Customers
CUST-03835,Jamie Griffin,103,2,6281.14,2,2,1,221,5,Lost Customers
CUST-03836,Daniel James,696,1,3032.39,1,1,1,111,3,Lost Customers
CUST-03837,Anna Thompson,3,74,1392288.26,5,5,5,555,15,Champions
CUST-03838,Misty Martinez,57,6,75576.78,3,3,3,333,9,Loyal Customers
CUST-03839,Barbara Burns,131,11,266233.16,2,4,5,245,11,At Risk
CUST-03840,Nicole Stewart,11,12,70520.88,5,4,3,543,12,Loyal Customers
CUST-03841,William Marsh,5,131,2051546.200731619,5,5,5,555,15,Champions
CUST-03842,David Rodriguez,8,5,161930.12,5,3,4,534,12,Loyal Customers
CUST-03843,Adam Lara,67,12,354232.77,3,4,5,345,12,Loyal Customers
CUST-03844,Scott Gomez,303,5,150601.8,1,3,4,134,8,At Risk
CUST-03845,Sara Hamilton,68,4,20860.920000000002,3,3,2,332,8,Needs Attention
CUST-03846,Elizabeth Key,70,3,6971.84,3,2,1,321,6,Needs Attention
CUST-03847,Mason Price,24,12,240160.21,4,4,4,444,12,Champions
CUST-03848,Trevor Hill,17,4,119842.24,5,3,4,534,12,Loyal Customers
CUST-03849,Erica Taylor,16,2,30118.379999999997,5,2,2,522,9,New Customers
CUST-03850,Justin Anderson,110,5,81379.8,2,3,3,233,8,At Risk
CUST-03851,Michael Farmer,31,3,28064.83,4,2,2,422,8,New Customers
CUST-03852,Robert Cline,589,2,53932.18,1,2,2,122,5,Lost Customers
CUST-03853,Jacqueline Perry,8,3,39502.850000000006,5,2,2,522,9,New Customers
CUST-03854,Christopher Mayer,132,6,121954.76000000001,2,3,4,234,9,At Risk
CUST-03855,Natalie Patrick,11,12,344496.18,5,4,5,545,14,Champions
CUST-03856,Shawn Rodriguez,86,10,178753.49,3,4,4,344,11,Loyal Customers
CUST-03857,Jonathan Torres,2,20,245595.8,5,5,4,554,14,Champions
CUST-03858,Susan Baker,165,3,53209.05,2,2,2,222,6,Lost Customers
CUST-03859,Richard Rivera,63,10,347376.67,3,4,5,345,12,Loyal Customers
CUST-03860,Amanda Wiggins,397,3,54443.43,1,2,2,122,5,Lost Customers
CUST-03861,Amber Bennett,247,3,354931.27,1,2,5,125,8,Needs Attention
CUST-03862,Kelly Moore,68,4,50610.61,3,3,2,332,8,Needs Attention
CUST-03863,Steven Davis,670,1,10420.19,1,1,1,111,3,Lost Customers
CUST-03864,Ashley Alvarez DVM,88,2,44976.73,3,2,2,322,7,Needs Attention
CUST-03865,Kimberly Taylor,17,6,29963.03,5,3,2,532,10,Needs Attention
CUST-03866,Mallory Collins,4,16,221445.61,5,5,4,554,14,Champions
CUST-03867,Steven Anderson,52,4,48450.3,3,3,2,332,8,Needs Attention
CUST-03868,Holly Austin,158,2,10677.400000000001,2,2,1,221,5,Lost Customers
CUST-03869,Karen Goodman,15,40,751747.14,5,5,5,555,15,Champions
CUST-03870,Christina Robinson,48,1,3333.92,3,1,1,311,5,Needs Attention
CUST-03871,Tom Perez,498,2,1200.6399999999999,1,2,1,121,4,Lost Customers
CUST-03872,Brandon Powell,35,7,186767.92,4,4,4,444,12,Champions
CUST-03873,Ashley Perez,54,3,4909.52,3,2,1,321,6,Needs Attention
CUST-03874,Matthew Murphy,46,1,11102.43,4,1,1,411,6,New Customers
CUST-03875,Mary Meyer,708,1,58246.83,1,1,3,113,5,Needs Attention
CUST-03876,Sophia Wolf,109,2,50842.06,2,2,2,222,6,Lost Customers
CUST-03877,Javier Stanley,37,7,55195.39,4,4,2,442,10,Needs Attention
CUST-03878,Taylor Johnson,436,4,13917.42,1,3,1,131,5,Needs Attention
CUST-03879,Janice Williams,189,1,2063.79,2,1,1,211,4,Lost Customers
CUST-03880,Christopher Thomas,21,6,114206.94,4,3,3,433,10,Loyal Customers
CUST-03881,Robert Martin,78,16,129948.38,3,5,4,354,12,Loyal Customers
CUST-03882,Kenneth Webb,468,1,45498.88,1,1,2,112,4,Lost Customers
CUST-03883,Mark Montoya,469,2,122738.70000000001,1,2,4,124,7,Needs Attention
CUST-03884,Jodi Lewis,80,5,87745.7,3,3,3,333,9,Loyal Customers
CUST-03885,Kimberly Wilson,392,1,836.11,1,1,1,111,3,Lost Customers
CUST-03886,Randy Bradshaw,141,6,50358.65,2,3,2,232,7,Needs Attention
CUST-03887,Steven Scott,419,7,100149.49,1,4,3,143,8,At Risk
CUST-03888,Katherine Dunn,33,17,335445.45,4,5,5,455,14,Champions
CUST-03889,Mary Peterson,53,17,268080.0,3,5,5,355,13,Loyal Customers
CUST-03890,Amy Diaz,38,5,56015.07,4,3,2,432,9,Needs Attention
CUST-03891,Traci Martinez,24,13,180019.13,4,5,4,454,13,Champions
CUST-03892,Jim Rodriguez,28,3,138540.61000000002,4,2,4,424,10,New Customers
CUST-03893,Elizabeth Marks,250,6,15066.89,1,3,1,131,5,Needs Attention
CUST-03894,Jeffrey Joyce,378,4,58091.600000000006,1,3,3,133,7,At Risk
CUST-03895,Sean Wagner,203,1,642.54,2,1,1,211,4,Lost Customers
CUST-03896,Todd Lutz,37,13,82538.01,4,5,3,453,12,Loyal Customers
CUST-03897,Ryan Walker,126,4,39568.47,2,3,2,232,7,Needs Attention
CUST-03898,Nicholas Gomez,481,1,2701.37,1,1,1,111,3,Lost Customers
CUST-03899,Brittany Heath,18,18,180002.61,4,5,4,454,13,Champions
CUST-03900,Rebecca Cox,154,2,5463.87,2,2,1,221,5,Lost Customers
CUST-03901,Travis Schmidt,398,2,29717.550000000003,1,2,2,122,5,Lost Customers
CUST-03902,Brett Martin,188,2,14290.64,2,2,1,221,5,Lost Customers
CUST-03903,Lisa Bridges,42,11,228013.35,4,4,4,444,12,Champions
CUST-03904,Brittany Dunlap,15,11,175598.85,5,4,4,544,13,Champions
CUST-03905,Shannon Ramirez,10,3,8972.07,5,2,1,521,8,New Customers
CUST-03906,Tiffany Phillips,308,9,304325.25999999995,1,4,5,145,10,At Risk
CUST-03907,Valerie English,81,4,27289.35,3,3,2,332,8,Needs Attention
CUST-03908,Chad Hurley,56,16,266794.69,3,5,5,355,13,Loyal Customers
CUST-03909,David Peters,57,8,314765.67,3,4,5,345,12,Loyal Customers
CUST-03910,Thomas Austin,139,3,51492.27,2,2,2,222,6,Lost Customers
CUST-03911,Amy Jenkins,8,33,558142.25,5,5,5,555,15,Champions
CUST-03912,Rodney Duran,435,2,25089.010000000002,1,2,2,122,5,Lost Customers
CUST-03913,Tiffany Sanchez,96,3,15568.67,3,2,1,321,6,Needs Attention
CUST-03914,Maria Myers,12,9,160584.3,5,4,4,544,13,Champions
CUST-03915,Ruben Jones,15,42,719457.01,5,5,5,555,15,Champions
CUST-03916,Desiree Stafford,9,1,3434.76,5,1,1,511,7,New Customers
CUST-03918,Jeremy Chambers,265,2,46636.8,1,2,2,122,5,Lost Customers
CUST-03919,Alexandra Wilson,188,4,110388.8787110165,2,3,3,233,8,At Risk
CUST-03921,Matthew Evans,49,11,183163.24,3,4,4,344,11,Loyal Customers
CUST-03922,Patrick Gibson,6,173,2958205.73,5,5,5,555,15,Champions
CUST-03923,William Lozano,15,4,114112.25,5,3,3,533,11,Loyal Customers
CUST-03924,Dillon Travis,205,2,17858.17,2,2,1,221,5,Lost Customers
CUST-03925,Steven Rodriguez,116,7,118592.31999999999,2,4,3,243,9,At Risk
CUST-03926,Kevin Walter,409,3,78746.98999999999,1,2,3,123,6,Needs Attention
CUST-03927,Rebecca Blake,99,12,105420.16,3,4,3,343,10,Loyal Customers
CUST-03928,Brian Bright,281,3,55565.46,1,2,2,122,5,Lost Customers
CUST-03929,Linda Cox,70,3,42816.61,3,2,2,322,7,Needs Attention
CUST-03930,Mary Copeland,33,13,349363.52,4,5,5,455,14,Champions
CUST-03931,Jennifer Little,7,4,11080.599999999999,5,3,1,531,9,Needs Attention
CUST-03932,Diana Ramsey,79,8,188743.99,3,4,4,344,11,Loyal Customers
CUST-03933,David Romero,88,2,9881.630000000001,3,2,1,321,6,Needs Attention
CUST-03934,Russell Bird,146,11,173938.61,2,4,4,244,10,At Risk
CUST-03935,Brian Shaffer,26,28,1424892.8534537072,4,5,5,455,14,Champions
CUST-03936,Jon Garza,215,3,43947.89,2,2,2,222,6,Lost Customers
CUST-03937,Ashley Norman,4,40,460545.12,5,5,5,555,15,Champions
CUST-03938,Kristina Monroe,574,2,12337.27,1,2,1,121,4,Lost Customers
CUST-03939,Joseph Schaefer,89,6,26461.2,3,3,2,332,8,Needs Attention
CUST-03940,Kyle Garza,56,8,77902.39,3,4,3,343,10,Loyal Customers
CUST-03941,Tiffany Johnston,401,3,56450.74,1,2,2,122,5,Lost Customers
CUST-03942,Phillip Ward,147,5,46350.56,2,3,2,232,7,Needs Attention
CUST-03943,Stephanie Fisher,32,7,145978.69,4,4,4,444,12,Champions
CUST-03944,Patrick Reed,430,1,1166.27,1,1,1,111,3,Lost Customers
CUST-03945,Sarah Berry,215,3,20244.32,2,2,2,222,6,Lost Customers
CUST-03946,Teresa Li,92,2,3581.23,3,2,1,321,6,Needs Attention
CUST-03947,Paula Caldwell,185,8,243659.99,2,4,4,244,10,At Risk
CUST-03948,Keith Johnson,195,2,39078.13,2,2,2,222,6,Lost Customers
CUST-03949,Annette Knapp,402,1,3088.76,1,1,1,111,3,Lost Customers
CUST-03950,Monica Atkinson,47,6,26162.239999999998,3,3,2,332,8,Needs Attention
CUST-03951,Robert Cooper,20,7,51756.94,4,4,2,442,10,Needs Attention
CUST-03952,Danielle Griffin,67,13,320128.19,3,5,5,355,13,Loyal Customers
CUST-03953,Jimmy Ritter,1,8,41372.92,5,4,2,542,11,Needs Attention
CUST-03954,Riley Clark,504,3,31578.61,1,2,2,122,5,Lost Customers
CUST-03955,Kimberly Morris,38,12,333179.69,4,4,5,445,13,Champions
CUST-03956,Gregory Ochoa,124,4,144339.05,2,3,4,234,9,At Risk
CUST-03957,Shannon Cook,646,1,799.16,1,1,1,111,3,Lost Customers
CUST-03958,Natalie Huff,14,4,22411.550000000003,5,3,2,532,10,Needs Attention
CUST-03959,Unknown Customer,34,16,314199.96,4,5,5,455,14,Champions
CUST-03960,Margaret Edwards,75,4,10212.630000000001,3,3,1,331,7,Needs Attention
CUST-03961,Cody Reyes III,117,2,7884.05,2,2,1,221,5,Lost Customers
CUST-03962,Heather Shaffer,280,1,604.91,1,1,1,111,3,Lost Customers
CUST-03964,Brian Perkins,69,5,38850.86,3,3,2,332,8,Needs Attention
CUST-03965,Melody Castro,532,5,114572.7,1,3,3,133,7,At Risk
CUST-03966,Kimberly Sanders,310,1,1255.12,1,1,1,111,3,Lost Customers
CUST-03967,Christina Davis,12,34,697212.23,5,5,5,555,15,Champions
CUST-03968,Sherri Sullivan,45,9,226517.83000000002,4,4,4,444,12,Champions
CUST-03969,Mike Patel,100,8,227368.66,2,4,4,244,10,At Risk
CUST-03970,Thomas Garcia,85,8,135467.44,3,4,4,344,11,Loyal Customers
CUST-03972,Kelly Miller,3,7,153903.49,5,4,4,544,13,Champions
CUST-03973,Mrs. Amanda Kelley DDS,10,7,121193.63,5,4,4,544,13,Champions
CUST-03974,Johnny Whitaker,63,10,61694.11,3,4,3,343,10,Loyal Customers
CUST-03975,Mrs. Courtney Wong,5,15,371472.98,5,5,5,555,15,Champions
CUST-03976,Adam Sanchez,454,2,156072.16999999998,1,2,4,124,7,Needs Attention
CUST-03977,Logan Massey,4,35,531437.6,5,5,5,555,15,Champions
CUST-03978,Juan Carroll,350,2,26780.67,1,2,2,122,5,Lost Customers
CUST-03979,Ryan Carpenter,46,16,198527.69,4,5,4,454,13,Champions
CUST-03980,Stacy Werner,1,54,496510.3,5,5,5,555,15,Champions
CUST-03981,Michelle Holden,50,5,55498.64,3,3,2,332,8,Needs Attention
CUST-03982,Deborah Wood,94,18,388640.95,3,5,5,355,13,Loyal Customers
CUST-03983,Taylor Flores,370,1,13958.99,1,1,1,111,3,Lost Customers
CUST-03984,Tyler Taylor,26,3,13382.74,4,2,1,421,7,New Customers
CUST-03985,Victoria Wright,28,8,391851.12,4,4,5,445,13,Champions
CUST-03986,Betty Pollard,23,3,55379.65,4,2,2,422,8,New Customers
CUST-03987,Katie Alvarez,22,29,767256.29,4,5,5,455,14,Champions
CUST-03988,Robert Munoz,119,9,150016.82,2,4,4,244,10,At Risk
CUST-03989,Michelle Newman,75,4,54566.48999999999,3,3,2,332,8,Needs Attention
CUST-03990,Victoria Marshall,31,9,257350.38,4,4,5,445,13,Champions
CUST-03991,Amy Montgomery,3,30,308823.47000000003,5,5,5,555,15,Champions
CUST-03992,Jeffrey Benton Jr.,291,1,5450.6,1,1,1,111,3,Lost Customers
CUST-03993,Kristin Brown,1,62,1048917.07,5,5,5,555,15,Champions
CUST-03994,Sean Hernandez,68,2,2145.49,3,2,1,321,6,Needs Attention
CUST-03995,Ana Higgins,8,14,366954.03,5,5,5,555,15,Champions
CUST-03996,Theresa Luna,9,1,379.33,5,1,1,511,7,New Customers
CUST-03997,Katherine Padilla,94,8,241508.49,3,4,4,344,11,Loyal Customers
CUST-03998,Victoria Lewis,2,7,19522.25,5,4,1,541,10,Needs Attention
CUST-03999,Joshua Leonard,51,7,67797.94,3,4,3,343,10,Loyal Customers
CUST-04000,Kelly Liu,49,5,155666.89,3,3,4,334,10,Loyal Customers
CUST-04002,Emily Smith,288,3,11045.81,1,2,1,121,4,Lost Customers
CUST-04003,Michelle Howard,9,28,342321.81,5,5,5,555,15,Champions
CUST-04004,William Austin,414,3,5794.88,1,2,1,121,4,Lost Customers
CUST-04005,Monica Oconnor,373,1,118353.75,1,1,3,113,5,Needs Attention
CUST-04006,Kyle Blake,468,3,67424.59,1,2,3,123,6,Needs Attention
CUST-04008,Bryan Davis DVM,5,13,145393.92,5,5,4,554,14,Champions
CUST-04009,Tiffany Hughes,65,16,577021.85,3,5,5,355,13,Loyal Customers
CUST-04010,Michael Taylor,220,7,65058.01,2,4,3,243,9,At Risk
CUST-04011,Brendan Kelly,443,1,15809.15,1,1,1,111,3,Lost Customers
CUST-04012,Sherry Porter,48,11,381253.08,3,4,5,345,12,Loyal Customers
CUST-04013,James Perez,6,4,43384.89000000001,5,3,2,532,10,Needs Attention
CUST-04014,Miss Gina Walton,17,13,125763.6,5,5,4,554,14,Champions
CUST-04015,Alicia Obrien,89,6,196198.83,3,3,4,334,10,Loyal Customers
CUST-04016,Mrs. Jacqueline Jackson,49,12,216625.56,3,4,4,344,11,Loyal Customers
CUST-04017,Kendra Smith,220,2,8535.76,2,2,1,221,5,Lost Customers
CUST-04018,Alexander Stein,583,4,17185.31,1,3,1,131,5,Needs Attention
CUST-04019,Shannon Sosa,4,38,723760.73,5,5,5,555,15,Champions
CUST-04020,Marc White,78,3,13304.75,3,2,1,321,6,Needs Attention
CUST-04021,Gregory Wiggins,14,11,134429.29,5,4,4,544,13,Champions
CUST-04022,Linda Berry,298,4,61846.47,1,3,3,133,7,At Risk
CUST-04023,Michelle Hobbs,28,9,190188.55,4,4,4,444,12,Champions
CUST-04024,Charles Fuentes,32,4,9686.42,4,3,1,431,8,Needs Attention
CUST-04026,Teresa Aguirre,100,1,1497.69,2,1,1,211,4,Lost Customers
CUST-04027,Eddie Bailey,55,6,31109.49,3,3,2,332,8,Needs Attention
CUST-04028,Joseph Mccullough,41,6,152573.30000000002,4,3,4,434,11,Loyal Customers
CUST-04029,Mr. Zachary Mora DVM,71,3,7158.1,3,2,1,321,6,Needs Attention
CUST-04030,Kimberly Price,381,3,27853.949999999997,1,2,2,122,5,Lost Customers
CUST-04031,Bruce Spencer,79,2,1041.53,3,2,1,321,6,Needs Attention
CUST-04033,Chelsea Powell,113,5,91832.67,2,3,3,233,8,At Risk
CUST-04034,Thomas Morse,194,2,9849.22,2,2,1,221,5,Lost Customers
CUST-04035,Susan Zimmerman,309,2,47826.37,1,2,2,122,5,Lost Customers
CUST-04036,Annette Meyer,257,2,42361.99,1,2,2,122,5,Lost Customers
CUST-04037,Erica Rose,209,3,120601.08,2,2,4,224,8,Needs Attention
CUST-04038,Kim Long,83,2,16750.32,3,2,1,321,6,Needs Attention
CUST-04039,Christina Flores,48,2,30216.94,3,2,2,322,7,Needs Attention
CUST-04040,Craig Raymond,196,6,123216.03,2,3,4,234,9,At Risk
CUST-04041,Jeffrey Miller,58,4,14176.699999999999,3,3,1,331,7,Needs Attention
CUST-04042,Brian Hoffman,444,2,8564.2,1,2,1,121,4,Lost Customers
CUST-04043,Elizabeth Gay,6,17,336288.88,5,5,5,555,15,Champions
CUST-04044,Patricia Hale,58,5,68972.84,3,3,3,333,9,Loyal Customers
CUST-04045,Amanda Arroyo,82,5,43982.53,3,3,2,332,8,Needs Attention
CUST-04046,Kevin Mccullough,85,3,12063.51,3,2,1,321,6,Needs Attention
CUST-04047,Margaret Stevenson,428,1,4172.62,1,1,1,111,3,Lost Customers
CUST-04048,Amber Turner,20,7,63955.28,4,4,3,443,11,Loyal Customers
CUST-04049,Victor Williams,308,6,20408.66,1,3,2,132,6,Needs Attention
CUST-04050,Shelly Rodgers,78,19,261580.03,3,5,5,355,13,Loyal Customers
CUST-04051,Cassandra Wood,74,6,145907.22,3,3,4,334,10,Loyal Customers
CUST-04052,Susan Garcia,7,37,813558.41,5,5,5,555,15,Champions
CUST-04053,Stephanie Joseph,177,3,48370.45,2,2,2,222,6,Lost Customers
CUST-04054,Dalton Clark,76,1,1778.69,3,1,1,311,5,Needs Attention
CUST-04055,Alexis Weeks,164,2,31752.940000000002,2,2,2,222,6,Lost Customers
CUST-04056,Michael Glass,172,2,7293.21,2,2,1,221,5,Lost Customers
CUST-04057,David Cervantes,207,3,44358.52,2,2,2,222,6,Lost Customers
CUST-04058,Victoria Benitez,52,10,91011.61,3,4,3,343,10,Loyal Customers
CUST-04060,Charles Sanchez,14,54,666827.31,5,5,5,555,15,Champions
CUST-04061,Sonia Henderson,26,13,292584.47000000003,4,5,5,455,14,Champions
CUST-04062,Sharon Sims,210,4,104407.59,2,3,3,233,8,At Risk
CUST-04063,Shawn Doyle,701,1,691.59,1,1,1,111,3,Lost Customers
CUST-04064,Michael Perry,88,5,26149.27,3,3,2,332,8,Needs Attention
CUST-04065,Donald Santana,32,3,22096.56,4,2,2,422,8,New Customers
CUST-04066,Katherine Greene,378,2,7784.120000000001,1,2,1,121,4,Lost Customers
CUST-04067,Jennifer Dominguez,97,5,36960.15,3,3,2,332,8,Needs Attention
CUST-04068,Matthew Walker,43,2,117377.68,4,2,3,423,9,New Customers
CUST-04069,Ashley Barrera,502,2,38260.48,1,2,2,122,5,Lost Customers
CUST-04070,Clifford Murphy DVM,1,69,891589.24,5,5,5,555,15,Champions
CUST-04071,Michael Arias,115,10,122986.86,2,4,4,244,10,At Risk
CUST-04072,Joshua Mitchell,42,39,462964.45,4,5,5,455,14,Champions
CUST-04073,Ashley Wilson,357,2,179578.34,1,2,4,124,7,Needs Attention
CUST-04074,Stacey Clements,40,4,237031.06000000003,4,3,4,434,11,Loyal Customers
CUST-04075,Kathleen Martinez,267,2,8686.68,1,2,1,121,4,Lost Customers
CUST-04076,Julie Rodriguez MD,407,1,5868.16,1,1,1,111,3,Lost Customers
CUST-04078,Dana Gilbert,351,3,4068.0,1,2,1,121,4,Lost Customers
CUST-04079,Charles Harper,317,11,396256.33999999997,1,4,5,145,10,At Risk
CUST-04080,Timothy Wang,157,1,8268.33,2,1,1,211,4,Lost Customers
CUST-04081,Daniel Stewart,530,3,21644.97,1,2,2,122,5,Lost Customers
CUST-04082,Unknown Customer,466,2,7884.21,1,2,1,121,4,Lost Customers
CUST-04083,Tammy Bell,18,1,7564.61,4,1,1,411,6,New Customers
CUST-04084,Mathew Myers,133,3,13346.0,2,2,1,221,5,Lost Customers
CUST-04085,Edgar Brown,263,2,10404.800000000001,1,2,1,121,4,Lost Customers
CUST-04086,Cory Barrett,384,4,26995.510000000002,1,3,2,132,6,Needs Attention
CUST-04087,Seth Jones,32,36,551430.46,4,5,5,455,14,Champions
CUST-04088,Joseph Hawkins,3,7,59082.33,5,4,3,543,12,Loyal Customers
CUST-04089,Victor Brown,80,10,143912.11000000002,3,4,4,344,11,Loyal Customers
CUST-04090,Jennifer Ferguson,664,1,44534.96,1,1,2,112,4,Lost Customers
CUST-04091,Carolyn Cantu,25,6,31595.27,4,3,2,432,9,Needs Attention
CUST-04093,James Hart,3,3,27128.4,5,2,2,522,9,New Customers
CUST-04094,Patricia Wilson,438,3,32613.13,1,2,2,122,5,Lost Customers
CUST-04095,Mark Elliott,131,8,161221.5,2,4,4,244,10,At Risk
CUST-04096,Matthew Bartlett,286,2,7141.92,1,2,1,121,4,Lost Customers
CUST-04097,Maria Campbell,11,4,60273.21,5,3,3,533,11,Loyal Customers
CUST-04098,Joanna Adkins,83,4,132556.97,3,3,4,334,10,Loyal Customers
CUST-04099,Lisa Reed,4,21,227830.64,5,5,4,554,14,Champions
CUST-04100,Jordan Calhoun MD,415,1,23437.78,1,1,2,112,4,Lost Customers
CUST-04101,Heather Thomas,436,2,19849.93,1,2,1,121,4,Lost Customers
CUST-04102,Carrie Coffey,207,4,48878.590000000004,2,3,2,232,7,Needs Attention
CUST-04103,Dr. Isabel Smith PhD,12,15,323974.0,5,5,5,555,15,Champions
CUST-04104,Joe Page,6,84,1671186.13,5,5,5,555,15,Champions
CUST-04105,Crystal Morales,190,1,284.81,2,1,1,211,4,Lost Customers
CUST-04106,Heather Mcmahon,96,17,377917.42000000004,3,5,5,355,13,Loyal Customers
CUST-04107,Jason Quinn,64,9,50043.97,3,4,2,342,9,Needs Attention
CUST-04108,James Cox,70,2,36891.270000000004,3,2,2,322,7,Needs Attention
CUST-04109,James Cummings,49,5,42421.35,3,3,2,332,8,Needs Attention
CUST-04110,Daniel Lee,355,3,42498.06,1,2,2,122,5,Lost Customers
CUST-04111,Shane Hopkins,4,51,858165.6799999999,5,5,5,555,15,Champions
CUST-04112,Unknown Customer,465,1,3484.85,1,1,1,111,3,Lost Customers
CUST-04113,Jennifer Schneider,20,16,248690.03,4,5,5,455,14,Champions
CUST-04114,Charles Rodriguez,105,2,148469.26,2,2,4,224,8,Needs Attention
CUST-04115,Elizabeth Wall,5,12,220849.09000000003,5,4,4,544,13,Champions
CUST-04116,Loretta Williams,34,4,92357.75,4,3,3,433,10,Loyal Customers
CUST-04117,Juan Moore,63,6,107544.15,3,3,3,333,9,Loyal Customers
CUST-04118,Joseph White,36,12,124224.48,4,4,4,444,12,Champions
CUST-04119,Michael Cruz,47,14,219024.06,3,5,4,354,12,Loyal Customers
CUST-04120,Denise Reese,34,22,233474.99000000002,4,5,4,454,13,Champions
CUST-04121,Brittney Morales,197,1,11833.56,2,1,1,211,4,Lost Customers
CUST-04122,Christina Jenkins,76,7,155297.58,3,4,4,344,11,Loyal Customers
CUST-04124,Emily Fitzpatrick,16,4,42154.26,5,3,2,532,10,Needs Attention
CUST-04125,Nancy Liu,24,5,65359.72,4,3,3,433,10,Loyal Customers
CUST-04126,Rachel Miller,585,1,4008.2,1,1,1,111,3,Lost Customers
CUST-04127,Scott Brown,237,7,163334.99,2,4,4,244,10,At Risk
CUST-04128,Emily Winters,5,126,1736546.27,5,5,5,555,15,Champions
CUST-04130,Heidi Blankenship,26,8,262322.97,4,4,5,445,13,Champions
CUST-04131,Sandra Alvarez,452,2,4878.79,1,2,1,121,4,Lost Customers
CUST-04133,Stephanie Hernandez,272,2,3266.5800000000004,1,2,1,121,4,Lost Customers
CUST-04134,Joseph Montgomery,27,27,761414.76,4,5,5,455,14,Champions
CUST-04135,Juan Harrison,10,19,370885.47,5,5,5,555,15,Champions
CUST-04136,Miss Stephanie Cherry,34,27,290713.89,4,5,5,455,14,Champions
CUST-04137,Bridget Wallace,4,106,1697173.21,5,5,5,555,15,Champions
CUST-04138,Brandy James,174,6,30150.24,2,3,2,232,7,Needs Attention
CUST-04139,Christopher Smith,2,8,87216.79000000001,5,4,3,543,12,Loyal Customers
CUST-04140,Sabrina Galvan,23,7,47131.049999999996,4,4,2,442,10,Needs Attention
CUST-04141,Catherine Shannon,155,5,66022.07,2,3,3,233,8,At Risk
CUST-04142,Theresa Knight,419,4,26524.44,1,3,2,132,6,Needs Attention
CUST-04143,Victoria Tanner,119,4,21078.07,2,3,2,232,7,Needs Attention
CUST-04144,Chad Evans,262,7,143099.5,1,4,4,144,9,At Risk
CUST-04145,Chase Haney,88,6,57581.71000000001,3,3,3,333,9,Loyal Customers
CUST-04146,Maureen Nixon,414,1,244.09,1,1,1,111,3,Lost Customers
CUST-04147,Michael Rush,335,3,19468.879999999997,1,2,1,121,4,Lost Customers
CUST-04148,Larry Lloyd,41,6,209388.62,4,3,4,434,11,Loyal Customers
CUST-04149,Steven Butler,111,4,47373.62,2,3,2,232,7,Needs Attention
CUST-04150,Samuel Lee,111,4,28944.91,2,3,2,232,7,Needs Attention
CUST-04151,Joseph Moon,87,7,140216.43,3,4,4,344,11,Loyal Customers
CUST-04152,Taylor Williams II,67,3,51467.329999999994,3,2,2,322,7,Needs Attention
CUST-04153,Jerry Hamilton,158,8,109555.74,2,4,3,243,9,At Risk
CUST-04154,Paul Wolf,22,12,319742.79,4,4,5,445,13,Champions
CUST-04155,Bobby Arnold,35,8,145694.63,4,4,4,444,12,Champions
CUST-04156,William Weber,25,4,96425.97,4,3,3,433,10,Loyal Customers
CUST-04157,Alicia James,15,14,296972.38,5,5,5,555,15,Champions
CUST-04158,Jamie Johnson,41,8,139685.29,4,4,4,444,12,Champions
CUST-04159,Melissa Rogers,45,10,71817.31,4,4,3,443,11,Loyal Customers
CUST-04160,Sarah Mueller,104,6,62856.78,2,3,3,233,8,At Risk
CUST-04161,Gordon Hahn,17,8,98087.13,5,4,3,543,12,Loyal Customers
CUST-04162,Kristen Burns,138,5,54474.68,2,3,2,232,7,Needs Attention
CUST-04163,Thomas Sellers,166,2,33285.39,2,2,2,222,6,Lost Customers
CUST-04165,Ashley Cochran,233,4,152068.91,2,3,4,234,9,At Risk
CUST-04166,Ashley Jones,282,6,38881.36,1,3,2,132,6,Needs Attention
CUST-04167,Christian Solis,78,4,36024.259999999995,3,3,2,332,8,Needs Attention
CUST-04168,Sharon Smith,388,4,25305.89,1,3,2,132,6,Needs Attention
CUST-04170,Brooke Sims,468,4,75213.87,1,3,3,133,7,At Risk
CUST-04171,Julia Marks,15,6,308193.08999999997,5,3,5,535,13,Loyal Customers
CUST-04172,Ashley Martinez,220,13,206296.67,2,5,4,254,11,At Risk
CUST-04174,Brandon Bean,34,5,78911.66,4,3,3,433,10,Loyal Customers
CUST-04175,Rickey Hall,14,28,387423.89999999997,5,5,5,555,15,Champions
CUST-04176,Bobby Flores,84,5,30451.739999999998,3,3,2,332,8,Needs Attention
CUST-04177,Karen Gonzalez,77,4,187782.03,3,3,4,334,10,Loyal Customers
CUST-04178,Lisa Lopez MD,15,2,10353.150000000001,5,2,1,521,8,New Customers
CUST-04179,Sharon Brown,9,7,119215.41,5,4,4,544,13,Champions
CUST-04180,Aaron Thompson,221,4,175509.59,2,3,4,234,9,At Risk
CUST-04181,Charles Weaver,49,1,7437.98,3,1,1,311,5,Needs Attention
CUST-04182,Melissa Warner,33,7,139448.05,4,4,4,444,12,Champions
CUST-04183,Cody Morris,34,16,408374.24,4,5,5,455,14,Champions
CUST-04184,Carla Reid DDS,49,3,12135.41,3,2,1,321,6,Needs Attention
CUST-04186,Roger Moss,20,20,301034.02,4,5,5,455,14,Champions
CUST-04187,Mary Donaldson,71,5,80899.1,3,3,3,333,9,Loyal Customers
CUST-04188,Paul Brown,4,28,448787.17,5,5,5,555,15,Champions
CUST-04189,Gregory Quinn,14,6,34442.590000000004,5,3,2,532,10,Needs Attention
CUST-04190,Sabrina Miller,356,8,195922.11000000002,1,4,4,144,9,At Risk
CUST-04191,Michelle Smith,84,4,93617.91,3,3,3,333,9,Loyal Customers
CUST-04192,Anita Chapman,11,15,116216.93999999999,5,5,3,553,13,Loyal Customers
CUST-04193,Heather Becker,56,24,614889.27,3,5,5,355,13,Loyal Customers
CUST-04194,Andrea Baker,87,9,215976.57,3,4,4,344,11,Loyal Customers
CUST-04195,Joanne Harmon,520,2,20626.98,1,2,2,122,5,Lost Customers
CUST-04196,Mr. Phillip Edwards,563,1,21285.41,1,1,2,112,4,Lost Customers
CUST-04197,Mrs. Laurie Williams MD,603,1,1986.78,1,1,1,111,3,Lost Customers
CUST-04198,Joel Mclean,45,2,12501.04,4,2,1,421,7,New Customers
CUST-04199,Valerie Ford,291,3,15581.43,1,2,1,121,4,Lost Customers
CUST-04200,Jodi Thomas,174,6,71154.05,2,3,3,233,8,At Risk
